,PUMP_RATIO,Hourly_Rainfall_Weight,Impervious_Surface_Weight,SLOPE_AVG_Weight,HIGH_Weight,F_WEIGHT,FLOOD
0,4.11522633744856e-07,0.10434782608695652,0.4673415823022121,0.5999520038396928,0.045968349660889224,0.07501875468867217,0
1,4.11522633744856e-07,0.20869565217391303,0.4673415823022121,0.5999520038396928,0.045968349660889224,0.07501875468867217,0
2,4.11522633744856e-07,0.2597222222222222,0.4673415823022121,0.5999520038396928,0.045968349660889224,0.07501875468867217,1
3,4.11522633744856e-07,0.010869565217391304,0.4673415823022121,2.699784017278618,0.07221803566942979,0.07501875468867217,0
4,4.11522633744856e-07,0.10869565217391304,0.4673415823022121,2.699784017278618,0.07221803566942979,0.07501875468867217,1
5,4.11522633744856e-07,0.13043478260869565,0.4673415823022121,2.699784017278618,0.07221803566942979,0.07501875468867217,1
6,4.11522633744856e-07,0.2708333333333333,0.4673415823022121,2.699784017278618,0.07221803566942979,0.07501875468867217,1
7,4.11522633744856e-07,0.5382165605095541,0.4673415823022121,2.699784017278618,0.07221803566942979,0.07501875468867217,1
8,4.11522633744856e-07,0.010869565217391304,0.4673415823022121,2.699784017278618,0.07786988193921125,0.07501875468867217,0
9,4.11522633744856e-07,0.10869565217391304,0.4673415823022121,2.699784017278618,0.07786988193921125,0.07501875468867217,0
10,4.11522633744856e-07,0.13043478260869565,0.4673415823022121,2.699784017278618,0.07786988193921125,0.07501875468867217,1
11,4.11522633744856e-07,0.2708333333333333,0.4673415823022121,2.699784017278618,0.07786988193921125,0.07501875468867217,1
12,4.11522633744856e-07,0.5382165605095541,0.4673415823022121,2.699784017278618,0.07786988193921125,0.07501875468867217,1
13,4.11522633744856e-07,0.10434782608695652,0.4673415823022121,0.5999520038396928,0.045968349660889224,0.07501875468867217,0
14,4.11522633744856e-07,0.20869565217391303,0.4673415823022121,0.5999520038396928,0.045968349660889224,0.07501875468867217,1
15,4.11522633744856e-07,0.2597222222222222,0.4673415823022121,0.5999520038396928,0.045968349660889224,0.07501875468867217,1
16,4.11522633744856e-07,0.010869565217391304,0.4673415823022121,2.699784017278618,0.07912584777694046,0.07501875468867217,0
17,4.11522633744856e-07,0.10869565217391304,0.4673415823022121,2.699784017278618,0.07912584777694046,0.07501875468867217,0
18,4.11522633744856e-07,0.13043478260869565,0.4673415823022121,2.699784017278618,0.07912584777694046,0.07501875468867217,1
19,4.11522633744856e-07,0.2708333333333333,0.4673415823022121,2.699784017278618,0.07912584777694046,0.07501875468867217,1
20,4.11522633744856e-07,0.5382165605095541,0.4673415823022121,2.699784017278618,0.07912584777694046,0.07501875468867217,1
21,4.11522633744856e-07,0.010869565217391304,0.4673415823022121,0.5999520038396928,0.0805074101984426,0.07501875468867217,0
22,4.11522633744856e-07,0.10869565217391304,0.4673415823022121,0.5999520038396928,0.0805074101984426,0.07501875468867217,0
23,4.11522633744856e-07,0.13043478260869565,0.4673415823022121,0.5999520038396928,0.0805074101984426,0.07501875468867217,1
24,4.11522633744856e-07,0.2708333333333333,0.4673415823022121,0.5999520038396928,0.0805074101984426,0.07501875468867217,1
25,4.11522633744856e-07,0.5382165605095541,0.4673415823022121,0.5999520038396928,0.0805074101984426,0.07501875468867217,1
26,4.11522633744856e-07,0.010869565217391304,0.4673415823022121,0.5999520038396928,0.04307962823411203,0.07501875468867217,0
27,4.11522633744856e-07,0.10869565217391304,0.4673415823022121,0.5999520038396928,0.04307962823411203,0.07501875468867217,1
28,4.11522633744856e-07,0.13043478260869565,0.4673415823022121,0.5999520038396928,0.04307962823411203,0.07501875468867217,1
29,4.11522633744856e-07,0.2708333333333333,0.4673415823022121,0.5999520038396928,0.04307962823411203,0.07501875468867217,1
30,4.11522633744856e-07,0.5382165605095541,0.4673415823022121,0.5999520038396928,0.04307962823411203,0.07501875468867217,1
31,4.11522633744856e-07,0.0,0.4673415823022121,2.699784017278618,0.07912584777694046,0.07501875468867217,0
32,4.11522633744856e-07,0.14130434782608695,0.4673415823022121,2.699784017278618,0.07912584777694046,0.07501875468867217,0
33,4.11522633744856e-07,0.22916666666666666,0.4673415823022121,2.699784017278618,0.07912584777694046,0.07501875468867217,1
34,4.11522633744856e-07,0.3464052287581699,0.4673415823022121,2.699784017278618,0.07912584777694046,0.07501875468867217,1
35,4.11522633744856e-07,0.0,0.4673415823022121,0.5999520038396928,0.0805074101984426,0.07501875468867217,0
36,4.11522633744856e-07,0.14130434782608695,0.4673415823022121,0.5999520038396928,0.0805074101984426,0.07501875468867217,1
37,4.11522633744856e-07,0.22916666666666666,0.4673415823022121,0.5999520038396928,0.0805074101984426,0.07501875468867217,1
38,4.11522633744856e-07,0.3464052287581699,0.4673415823022121,0.5999520038396928,0.0805074101984426,0.07501875468867217,1
39,4.11522633744856e-07,0.0,0.4673415823022121,0.5999520038396928,0.04307962823411203,0.07501875468867217,0
40,4.11522633744856e-07,0.13478260869565217,0.4673415823022121,0.5999520038396928,0.04307962823411203,0.07501875468867217,0
41,4.11522633744856e-07,0.22916666666666666,0.4673415823022121,0.5999520038396928,0.04307962823411203,0.07501875468867217,1
42,4.11522633744856e-07,0.3464052287581699,0.4673415823022121,0.5999520038396928,0.04307962823411203,0.07501875468867217,1
43,4.11522633744856e-07,0.0,0.4673415823022121,0.5999520038396928,0.03918613413715147,0.07501875468867217,0
44,4.11522633744856e-07,0.14130434782608695,0.4673415823022121,0.5999520038396928,0.03918613413715147,0.07501875468867217,1
45,4.11522633744856e-07,0.22916666666666666,0.4673415823022121,0.5999520038396928,0.03918613413715147,0.07501875468867217,1
46,4.11522633744856e-07,0.3464052287581699,0.4673415823022121,0.5999520038396928,0.03918613413715147,0.07501875468867217,1
47,4.11522633744856e-07,0.0,0.4673415823022121,2.699784017278618,0.05626726953026878,0.07501875468867217,0
48,4.11522633744856e-07,0.14130434782608695,0.4673415823022121,2.699784017278618,0.05626726953026878,0.07501875468867217,1
49,4.11522633744856e-07,0.22916666666666666,0.4673415823022121,2.699784017278618,0.05626726953026878,0.07501875468867217,1
50,4.11522633744856e-07,0.3464052287581699,0.4673415823022121,2.699784017278618,0.05626726953026878,0.07501875468867217,1
51,4.11522633744856e-07,0.07608695652173914,0.4673415823022121,2.699784017278618,0.059030394373273044,0.07501875468867217,0
52,4.11522633744856e-07,0.18478260869565216,0.4673415823022121,2.699784017278618,0.059030394373273044,0.07501875468867217,0
53,4.11522633744856e-07,0.2549019607843137,0.4673415823022121,2.699784017278618,0.059030394373273044,0.07501875468867217,1
54,4.11522633744856e-07,0.4431818181818182,0.4673415823022121,2.699784017278618,0.059030394373273044,0.07501875468867217,1
55,4.11522633744856e-07,0.07608695652173914,0.4673415823022121,2.699784017278618,0.06631499623210249,0.07501875468867217,0
56,4.11522633744856e-07,0.18478260869565216,0.4673415823022121,2.699784017278618,0.06631499623210249,0.07501875468867217,1
57,4.11522633744856e-07,0.2549019607843137,0.4673415823022121,2.699784017278618,0.06631499623210249,0.07501875468867217,1
58,4.11522633744856e-07,0.4431818181818182,0.4673415823022121,2.699784017278618,0.06631499623210249,0.07501875468867217,1
59,4.11522633744856e-07,0.07608695652173914,0.4673415823022121,2.699784017278618,0.07083647324792765,0.07501875468867217,0
60,4.11522633744856e-07,0.18478260869565216,0.4673415823022121,2.699784017278618,0.07083647324792765,0.07501875468867217,0
61,4.11522633744856e-07,0.2549019607843137,0.4673415823022121,2.699784017278618,0.07083647324792765,0.07501875468867217,1
62,4.11522633744856e-07,0.4431818181818182,0.4673415823022121,2.699784017278618,0.07083647324792765,0.07501875468867217,1
63,4.11522633744856e-07,0.2597222222222222,0.4673415823022121,7.04,0.045968349660889224,0.07501875468867217,0
64,4.11522633744856e-07,0.10869565217391304,0.4673415823022121,12.147570485902818,0.07221803566942979,0.07501875468867217,0
65,4.11522633744856e-07,0.13043478260869565,0.4673415823022121,12.147570485902818,0.07221803566942979,0.07501875468867217,0
66,4.11522633744856e-07,0.2708333333333333,0.4673415823022121,12.147570485902818,0.07221803566942979,0.07501875468867217,0
67,4.11522633744856e-07,0.5382165605095541,0.4673415823022121,12.147570485902818,0.07221803566942979,0.07501875468867217,0
68,4.11522633744856e-07,0.13043478260869565,0.4673415823022121,7.04,0.07786988193921125,0.07501875468867217,0
69,4.11522633744856e-07,0.2708333333333333,0.4673415823022121,7.04,0.07786988193921125,0.07501875468867217,0
70,4.11522633744856e-07,0.5382165605095541,0.4673415823022121,7.04,0.07786988193921125,0.07501875468867217,0
71,4.11522633744856e-07,0.20869565217391303,0.4673415823022121,7.04,0.045968349660889224,0.07501875468867217,0
72,4.11522633744856e-07,0.2597222222222222,0.4673415823022121,7.04,0.045968349660889224,0.07501875468867217,0
73,4.11522633744856e-07,0.13043478260869565,0.4673415823022121,12.147570485902818,0.07912584777694046,0.07501875468867217,0
74,4.11522633744856e-07,0.2708333333333333,0.4673415823022121,12.147570485902818,0.07912584777694046,0.07501875468867217,0
75,4.11522633744856e-07,0.5382165605095541,0.4673415823022121,12.147570485902818,0.07912584777694046,0.07501875468867217,0
76,4.11522633744856e-07,0.13043478260869565,0.4673415823022121,12.147570485902818,0.0805074101984426,0.07501875468867217,0
77,4.11522633744856e-07,0.2708333333333333,0.4673415823022121,12.147570485902818,0.0805074101984426,0.07501875468867217,0
78,4.11522633744856e-07,0.5382165605095541,0.4673415823022121,12.147570485902818,0.0805074101984426,0.07501875468867217,0
79,4.11522633744856e-07,0.10869565217391304,0.4673415823022121,12.147570485902818,0.04307962823411203,0.07501875468867217,0
80,4.11522633744856e-07,0.13043478260869565,0.4673415823022121,12.147570485902818,0.04307962823411203,0.07501875468867217,0
81,4.11522633744856e-07,0.2708333333333333,0.4673415823022121,12.147570485902818,0.04307962823411203,0.07501875468867217,0
82,4.11522633744856e-07,0.5382165605095541,0.4673415823022121,12.147570485902818,0.04307962823411203,0.07501875468867217,0
83,4.11522633744856e-07,0.22916666666666666,0.4673415823022121,7.04,0.07912584777694046,0.07501875468867217,0
84,4.11522633744856e-07,0.3464052287581699,0.4673415823022121,7.04,0.07912584777694046,0.07501875468867217,0
85,4.11522633744856e-07,0.14130434782608695,0.4673415823022121,12.147570485902818,0.0805074101984426,0.07501875468867217,0
86,4.11522633744856e-07,0.22916666666666666,0.4673415823022121,12.147570485902818,0.0805074101984426,0.07501875468867217,0
87,4.11522633744856e-07,0.3464052287581699,0.4673415823022121,12.147570485902818,0.0805074101984426,0.07501875468867217,0
88,4.11522633744856e-07,0.22916666666666666,0.4673415823022121,2.699784017278618,0.04307962823411203,0.07501875468867217,0
89,4.11522633744856e-07,0.3464052287581699,0.4673415823022121,2.699784017278618,0.04307962823411203,0.07501875468867217,0
90,4.11522633744856e-07,0.14130434782608695,0.4673415823022121,21.608643457382954,0.03918613413715147,0.07501875468867217,0
91,4.11522633744856e-07,0.22916666666666666,0.4673415823022121,21.608643457382954,0.03918613413715147,0.07501875468867217,0
92,4.11522633744856e-07,0.3464052287581699,0.4673415823022121,21.608643457382954,0.03918613413715147,0.07501875468867217,0
93,4.11522633744856e-07,0.14130434782608695,0.4673415823022121,12.147570485902818,0.05626726953026878,0.07501875468867217,0
94,4.11522633744856e-07,0.22916666666666666,0.4673415823022121,12.147570485902818,0.05626726953026878,0.07501875468867217,0
95,4.11522633744856e-07,0.3464052287581699,0.4673415823022121,12.147570485902818,0.05626726953026878,0.07501875468867217,0
96,4.11522633744856e-07,0.2549019607843137,0.4673415823022121,7.04,0.059030394373273044,0.07501875468867217,0
97,4.11522633744856e-07,0.4431818181818182,0.4673415823022121,7.04,0.059030394373273044,0.07501875468867217,0
98,4.11522633744856e-07,0.18478260869565216,0.4673415823022121,12.147570485902818,0.06631499623210249,0.07501875468867217,0
99,4.11522633744856e-07,0.2549019607843137,0.4673415823022121,12.147570485902818,0.06631499623210249,0.07501875468867217,0
100,4.11522633744856e-07,0.4431818181818182,0.4673415823022121,12.147570485902818,0.06631499623210249,0.07501875468867217,0
101,4.11522633744856e-07,0.2549019607843137,0.4673415823022121,7.04,0.07083647324792765,0.07501875468867217,0
102,4.11522633744856e-07,0.4431818181818182,0.4673415823022121,7.04,0.07083647324792765,0.07501875468867217,0
103,0.1,0.08260869565217391,0.3043054305430543,7.04,0.0241145440844009,0.01666666666666667,0
104,0.1,0.23043478260869565,0.3043054305430543,7.04,0.0241145440844009,0.01666666666666667,1
105,0.1,0.11521739130434783,0.3043054305430543,7.04,0.0241145440844009,0.01666666666666667,1
106,0.1,0.14130434782608695,0.3043054305430543,7.04,0.0241145440844009,0.01666666666666667,1
107,0.1,0.238562091503268,0.3043054305430543,7.04,0.0241145440844009,0.01666666666666667,1
108,0.1,0.08260869565217391,0.3043054305430543,12.147570485902818,0.08465209746294901,0.01666666666666667,0
109,0.1,0.23043478260869565,0.3043054305430543,12.147570485902818,0.08465209746294901,0.01666666666666667,1
110,0.1,0.11521739130434783,0.3043054305430543,12.147570485902818,0.08465209746294901,0.01666666666666667,1
111,0.1,0.14130434782608695,0.3043054305430543,12.147570485902818,0.08465209746294901,0.01666666666666667,1
112,0.1,0.238562091503268,0.3043054305430543,12.147570485902818,0.08465209746294901,0.01666666666666667,1
113,0.1,0.23043478260869565,0.3043054305430543,21.608643457382954,0.0241145440844009,0.01666666666666667,0
114,0.1,0.11521739130434783,0.3043054305430543,21.608643457382954,0.0241145440844009,0.01666666666666667,0
115,0.1,0.14130434782608695,0.3043054305430543,21.608643457382954,0.0241145440844009,0.01666666666666667,0
116,0.1,0.238562091503268,0.3043054305430543,21.608643457382954,0.0241145440844009,0.01666666666666667,0
117,0.1,0.23043478260869565,0.3043054305430543,9.603841536614645,0.08465209746294901,0.01666666666666667,0
118,0.1,0.11521739130434783,0.3043054305430543,9.603841536614645,0.08465209746294901,0.01666666666666667,0
119,0.1,0.14130434782608695,0.3043054305430543,9.603841536614645,0.08465209746294901,0.01666666666666667,0
120,0.1,0.238562091503268,0.3043054305430543,9.603841536614645,0.08465209746294901,0.01666666666666667,0
121,1.982160555004955e-07,0.10652173913043479,0.43434570678665163,0.5999520038396928,0.037176588796784725,0.01666666666666667,0
122,1.982160555004955e-07,0.18478260869565216,0.43434570678665163,0.5999520038396928,0.037176588796784725,0.01666666666666667,0
123,1.982160555004955e-07,0.4222222222222222,0.43434570678665163,0.5999520038396928,0.037176588796784725,0.01666666666666667,1
124,1.982160555004955e-07,0.4477272727272727,0.43434570678665163,0.5999520038396928,0.037176588796784725,0.01666666666666667,1
125,1.982160555004955e-07,0.10652173913043479,0.43434570678665163,0.5999520038396928,0.037176588796784725,0.01666666666666667,0
126,1.982160555004955e-07,0.18478260869565216,0.43434570678665163,0.5999520038396928,0.037176588796784725,0.01666666666666667,0
127,1.982160555004955e-07,0.4222222222222222,0.43434570678665163,0.5999520038396928,0.037176588796784725,0.01666666666666667,1
128,1.982160555004955e-07,0.4477272727272727,0.43434570678665163,0.5999520038396928,0.037176588796784725,0.01666666666666667,1
129,1.982160555004955e-07,0.10652173913043479,0.43434570678665163,0.5999520038396928,0.037176588796784725,0.01666666666666667,0
130,1.982160555004955e-07,0.18478260869565216,0.43434570678665163,0.5999520038396928,0.037176588796784725,0.01666666666666667,0
131,1.982160555004955e-07,0.4222222222222222,0.43434570678665163,0.5999520038396928,0.037176588796784725,0.01666666666666667,1
132,1.982160555004955e-07,0.4477272727272727,0.43434570678665163,0.5999520038396928,0.037176588796784725,0.01666666666666667,1
133,1.982160555004955e-07,0.10652173913043479,0.43434570678665163,0.5999520038396928,0.032906304948505403,0.01666666666666667,0
134,1.982160555004955e-07,0.18478260869565216,0.43434570678665163,0.5999520038396928,0.032906304948505403,0.01666666666666667,0
135,1.982160555004955e-07,0.4222222222222222,0.43434570678665163,0.5999520038396928,0.032906304948505403,0.01666666666666667,1
136,1.982160555004955e-07,0.4477272727272727,0.43434570678665163,0.5999520038396928,0.032906304948505403,0.01666666666666667,1
137,1.982160555004955e-07,0.10652173913043479,0.43434570678665163,0.5999520038396928,0.019718663652348655,0.01666666666666667,0
138,1.982160555004955e-07,0.18478260869565216,0.43434570678665163,0.5999520038396928,0.019718663652348655,0.01666666666666667,0
139,1.982160555004955e-07,0.4222222222222222,0.43434570678665163,0.5999520038396928,0.019718663652348655,0.01666666666666667,1
140,1.982160555004955e-07,0.4477272727272727,0.43434570678665163,0.5999520038396928,0.019718663652348655,0.01666666666666667,1
141,1.982160555004955e-07,0.4222222222222222,0.43434570678665163,7.04,0.037176588796784725,0.01666666666666667,0
142,1.982160555004955e-07,0.4477272727272727,0.43434570678665163,7.04,0.037176588796784725,0.01666666666666667,0
143,1.982160555004955e-07,0.4222222222222222,0.43434570678665163,7.04,0.037176588796784725,0.01666666666666667,0
144,1.982160555004955e-07,0.4477272727272727,0.43434570678665163,7.04,0.037176588796784725,0.01666666666666667,0
145,1.982160555004955e-07,0.4222222222222222,0.43434570678665163,7.04,0.037176588796784725,0.01666666666666667,0
146,1.982160555004955e-07,0.4477272727272727,0.43434570678665163,7.04,0.037176588796784725,0.01666666666666667,0
147,1.982160555004955e-07,0.4222222222222222,0.43434570678665163,7.04,0.032906304948505403,0.01666666666666667,0
148,1.982160555004955e-07,0.4477272727272727,0.43434570678665163,7.04,0.032906304948505403,0.01666666666666667,0
149,1.982160555004955e-07,0.4222222222222222,0.43434570678665163,7.04,0.019718663652348655,0.01666666666666667,0
150,1.982160555004955e-07,0.4477272727272727,0.43434570678665163,7.04,0.019718663652348655,0.01666666666666667,0
151,0.1,0.03695652173913044,0.34330933093309335,21.608643457382954,12.298624754420432,0.1499250374812594,0
152,0.1,0.22391304347826088,0.34330933093309335,21.608643457382954,12.298624754420432,0.1499250374812594,0
153,0.1,0.2652173913043478,0.34330933093309335,21.608643457382954,12.298624754420432,0.1499250374812594,1
154,0.1,0.2222222222222222,0.34330933093309335,21.608643457382954,12.298624754420432,0.1499250374812594,1
155,0.1,0.010869565217391304,0.34330933093309335,0.5999520038396928,0.024365737251946747,0.1499250374812594,0
156,0.1,0.2608695652173913,0.34330933093309335,0.5999520038396928,0.024365737251946747,0.1499250374812594,0
157,0.1,0.4513888888888889,0.34330933093309335,0.5999520038396928,0.024365737251946747,0.1499250374812594,1
158,0.1,0.4005681818181818,0.34330933093309335,0.5999520038396928,0.024365737251946747,0.1499250374812594,1
159,0.1,0.010869565217391304,0.34330933093309335,0.5999520038396928,0.039939713639788994,0.1499250374812594,0
160,0.1,0.2608695652173913,0.34330933093309335,0.5999520038396928,0.039939713639788994,0.1499250374812594,0
161,0.1,0.4513888888888889,0.34330933093309335,0.5999520038396928,0.039939713639788994,0.1499250374812594,0
162,0.1,0.4005681818181818,0.34330933093309335,0.5999520038396928,0.039939713639788994,0.1499250374812594,1
163,0.1,0.2652173913043478,0.34330933093309335,2.699784017278618,12.298624754420432,0.1499250374812594,0
164,0.1,0.2222222222222222,0.34330933093309335,2.699784017278618,12.298624754420432,0.1499250374812594,0
165,0.1,0.4513888888888889,0.34330933093309335,2.699784017278618,0.024365737251946747,0.1499250374812594,0
166,0.1,0.4005681818181818,0.34330933093309335,2.699784017278618,0.024365737251946747,0.1499250374812594,0
167,0.1,0.4005681818181818,0.34330933093309335,2.699784017278618,0.039939713639788994,0.1499250374812594,0
168,0.1,0.0,0.34435943594359436,2.699784017278618,13.135559921414538,0.01666666666666667,0
169,0.1,0.14130434782608695,0.34435943594359436,2.699784017278618,13.135559921414538,0.01666666666666667,1
170,0.1,0.22916666666666666,0.34435943594359436,2.699784017278618,13.135559921414538,0.01666666666666667,1
171,0.1,0.3464052287581699,0.34435943594359436,2.699784017278618,13.135559921414538,0.01666666666666667,1
172,0.1,0.14130434782608695,0.34435943594359436,12.147570485902818,13.135559921414538,0.01666666666666667,0
173,0.1,0.22916666666666666,0.34435943594359436,12.147570485902818,13.135559921414538,0.01666666666666667,0
174,0.1,0.3464052287581699,0.34435943594359436,12.147570485902818,13.135559921414538,0.01666666666666667,0
175,2.399520095980803e-07,0.0,0.44266966629171345,2.699784017278618,0.11768399899522732,0.01666666666666667,0
176,2.399520095980803e-07,0.14130434782608695,0.44266966629171345,2.699784017278618,0.11768399899522732,0.01666666666666667,0
177,2.399520095980803e-07,0.22916666666666666,0.44266966629171345,2.699784017278618,0.11768399899522732,0.01666666666666667,0
178,2.399520095980803e-07,0.3464052287581699,0.44266966629171345,2.699784017278618,0.11768399899522732,0.01666666666666667,1
179,2.399520095980803e-07,0.0,0.44266966629171345,0.5999520038396928,0.09595579000251192,0.01666666666666667,0
180,2.399520095980803e-07,0.14130434782608695,0.44266966629171345,0.5999520038396928,0.09595579000251192,0.01666666666666667,1
181,2.399520095980803e-07,0.22916666666666666,0.44266966629171345,0.5999520038396928,0.09595579000251192,0.01666666666666667,1
182,2.399520095980803e-07,0.3464052287581699,0.44266966629171345,0.5999520038396928,0.09595579000251192,0.01666666666666667,1
183,2.399520095980803e-07,0.0,0.44266966629171345,1.7998560115190785,0.08201456920371766,0.01666666666666667,0
184,2.399520095980803e-07,0.14130434782608695,0.44266966629171345,1.7998560115190785,0.08201456920371766,0.01666666666666667,0
185,2.399520095980803e-07,0.22916666666666666,0.44266966629171345,1.7998560115190785,0.08201456920371766,0.01666666666666667,1
186,2.399520095980803e-07,0.3464052287581699,0.44266966629171345,1.7998560115190785,0.08201456920371766,0.01666666666666667,1
187,2.399520095980803e-07,0.0,0.44266966629171345,0.5999520038396928,0.05890479778950013,0.01666666666666667,0
188,2.399520095980803e-07,0.14130434782608695,0.44266966629171345,0.5999520038396928,0.05890479778950013,0.01666666666666667,1
189,2.399520095980803e-07,0.22916666666666666,0.44266966629171345,0.5999520038396928,0.05890479778950013,0.01666666666666667,1
190,2.399520095980803e-07,0.3464052287581699,0.44266966629171345,0.5999520038396928,0.05890479778950013,0.01666666666666667,1
191,2.399520095980803e-07,0.0,0.44266966629171345,0.5999520038396928,0.048982667671439335,0.01666666666666667,0
192,2.399520095980803e-07,0.14130434782608695,0.44266966629171345,0.5999520038396928,0.048982667671439335,0.01666666666666667,0
193,2.399520095980803e-07,0.22916666666666666,0.44266966629171345,0.5999520038396928,0.048982667671439335,0.01666666666666667,0
194,2.399520095980803e-07,0.3464052287581699,0.44266966629171345,0.5999520038396928,0.048982667671439335,0.01666666666666667,1
195,2.399520095980803e-07,0.0,0.44266966629171345,7.04,0.06455664405928158,0.01666666666666667,0
196,2.399520095980803e-07,0.14130434782608695,0.44266966629171345,7.04,0.06455664405928158,0.01666666666666667,0
197,2.399520095980803e-07,0.22916666666666666,0.44266966629171345,7.04,0.06455664405928158,0.01666666666666667,1
198,2.399520095980803e-07,0.3464052287581699,0.44266966629171345,7.04,0.06455664405928158,0.01666666666666667,1
199,2.399520095980803e-07,0.0,0.44266966629171345,2.699784017278618,0.14091936699321778,0.01666666666666667,0
200,2.399520095980803e-07,0.14130434782608695,0.44266966629171345,2.699784017278618,0.14091936699321778,0.01666666666666667,1
201,2.399520095980803e-07,0.22916666666666666,0.44266966629171345,2.699784017278618,0.14091936699321778,0.01666666666666667,1
202,2.399520095980803e-07,0.3464052287581699,0.44266966629171345,2.699784017278618,0.14091936699321778,0.01666666666666667,1
203,2.399520095980803e-07,0.0,0.44266966629171345,0.5999520038396928,0.09733735242401406,0.01666666666666667,0
204,2.399520095980803e-07,0.14130434782608695,0.44266966629171345,0.5999520038396928,0.09733735242401406,0.01666666666666667,1
205,2.399520095980803e-07,0.22916666666666666,0.44266966629171345,0.5999520038396928,0.09733735242401406,0.01666666666666667,1
206,2.399520095980803e-07,0.3464052287581699,0.44266966629171345,0.5999520038396928,0.09733735242401406,0.01666666666666667,1
207,2.399520095980803e-07,0.0,0.44266966629171345,0.5999520038396928,0.0987189148455162,0.01666666666666667,0
208,2.399520095980803e-07,0.14130434782608695,0.44266966629171345,0.5999520038396928,0.0987189148455162,0.01666666666666667,1
209,2.399520095980803e-07,0.22916666666666666,0.44266966629171345,0.5999520038396928,0.0987189148455162,0.01666666666666667,1
210,2.399520095980803e-07,0.3464052287581699,0.44266966629171345,0.5999520038396928,0.0987189148455162,0.01666666666666667,1
211,2.399520095980803e-07,0.0,0.44266966629171345,0.5999520038396928,0.135769907058528,0.01666666666666667,0
212,2.399520095980803e-07,0.14130434782608695,0.44266966629171345,0.5999520038396928,0.135769907058528,0.01666666666666667,1
213,2.399520095980803e-07,0.22916666666666666,0.44266966629171345,0.5999520038396928,0.135769907058528,0.01666666666666667,1
214,2.399520095980803e-07,0.3464052287581699,0.44266966629171345,0.5999520038396928,0.135769907058528,0.01666666666666667,1
215,2.399520095980803e-07,0.3464052287581699,0.44266966629171345,12.147570485902818,0.11768399899522732,0.01666666666666667,0
216,2.399520095980803e-07,0.14130434782608695,0.44266966629171345,12.147570485902818,0.09595579000251192,0.01666666666666667,0
217,2.399520095980803e-07,0.22916666666666666,0.44266966629171345,12.147570485902818,0.09595579000251192,0.01666666666666667,0
218,2.399520095980803e-07,0.3464052287581699,0.44266966629171345,12.147570485902818,0.09595579000251192,0.01666666666666667,0
219,2.399520095980803e-07,0.22916666666666666,0.44266966629171345,7.04,0.08201456920371766,0.01666666666666667,0
220,2.399520095980803e-07,0.3464052287581699,0.44266966629171345,7.04,0.08201456920371766,0.01666666666666667,0
221,2.399520095980803e-07,0.14130434782608695,0.44266966629171345,12.147570485902818,0.05890479778950013,0.01666666666666667,0
222,2.399520095980803e-07,0.22916666666666666,0.44266966629171345,12.147570485902818,0.05890479778950013,0.01666666666666667,0
223,2.399520095980803e-07,0.3464052287581699,0.44266966629171345,12.147570485902818,0.05890479778950013,0.01666666666666667,0
224,2.399520095980803e-07,0.3464052287581699,0.44266966629171345,7.04,0.048982667671439335,0.01666666666666667,0
225,2.399520095980803e-07,0.22916666666666666,0.44266966629171345,7.04,0.06455664405928158,0.01666666666666667,0
226,2.399520095980803e-07,0.3464052287581699,0.44266966629171345,7.04,0.06455664405928158,0.01666666666666667,0
227,2.399520095980803e-07,0.14130434782608695,0.44266966629171345,12.147570485902818,0.14091936699321778,0.01666666666666667,0
228,2.399520095980803e-07,0.22916666666666666,0.44266966629171345,12.147570485902818,0.14091936699321778,0.01666666666666667,0
229,2.399520095980803e-07,0.3464052287581699,0.44266966629171345,12.147570485902818,0.14091936699321778,0.01666666666666667,0
230,2.399520095980803e-07,0.14130434782608695,0.44266966629171345,12.147570485902818,0.09733735242401406,0.01666666666666667,0
231,2.399520095980803e-07,0.22916666666666666,0.44266966629171345,12.147570485902818,0.09733735242401406,0.01666666666666667,0
232,2.399520095980803e-07,0.3464052287581699,0.44266966629171345,12.147570485902818,0.09733735242401406,0.01666666666666667,0
233,2.399520095980803e-07,0.14130434782608695,0.44266966629171345,12.147570485902818,0.0987189148455162,0.01666666666666667,0
234,2.399520095980803e-07,0.22916666666666666,0.44266966629171345,12.147570485902818,0.0987189148455162,0.01666666666666667,0
235,2.399520095980803e-07,0.3464052287581699,0.44266966629171345,12.147570485902818,0.0987189148455162,0.01666666666666667,0
236,2.399520095980803e-07,0.14130434782608695,0.44266966629171345,12.147570485902818,0.135769907058528,0.01666666666666667,0
237,2.399520095980803e-07,0.22916666666666666,0.44266966629171345,12.147570485902818,0.135769907058528,0.01666666666666667,0
238,2.399520095980803e-07,0.3464052287581699,0.44266966629171345,12.147570485902818,0.135769907058528,0.01666666666666667,0
239,2.565982404692082e-07,0.010869565217391304,0.3886888688868887,0.5999520038396928,0.04734991208239136,0.01666666666666667,0
240,2.565982404692082e-07,0.2608695652173913,0.3886888688868887,0.5999520038396928,0.04734991208239136,0.01666666666666667,1
241,2.565982404692082e-07,0.4513888888888889,0.3886888688868887,0.5999520038396928,0.04734991208239136,0.01666666666666667,1
242,2.565982404692082e-07,0.4005681818181818,0.3886888688868887,0.5999520038396928,0.04734991208239136,0.01666666666666667,1
243,2.565982404692082e-07,0.2608695652173913,0.3886888688868887,12.147570485902818,0.04734991208239136,0.01666666666666667,0
244,2.565982404692082e-07,0.4513888888888889,0.3886888688868887,12.147570485902818,0.04734991208239136,0.01666666666666667,0
245,2.565982404692082e-07,0.4005681818181818,0.3886888688868887,12.147570485902818,0.04734991208239136,0.01666666666666667,0
246,1.509054325955734e-07,0.09782608695652174,0.55425,2.699784017278618,0.04873147450389349,0.01666666666666667,0
247,1.509054325955734e-07,0.10869565217391304,0.55425,2.699784017278618,0.04873147450389349,0.01666666666666667,0
248,1.509054325955734e-07,0.17391304347826086,0.55425,2.699784017278618,0.04873147450389349,0.01666666666666667,1
249,1.509054325955734e-07,0.4289772727272727,0.55425,2.699784017278618,0.04873147450389349,0.01666666666666667,1
250,1.509054325955734e-07,0.4346590909090909,0.55425,2.699784017278618,0.04873147450389349,0.01666666666666667,1
251,1.509054325955734e-07,0.09782608695652174,0.55425,7.04,0.06656618939964833,0.01666666666666667,0
252,1.509054325955734e-07,0.10869565217391304,0.55425,7.04,0.06656618939964833,0.01666666666666667,1
253,1.509054325955734e-07,0.17391304347826086,0.55425,7.04,0.06656618939964833,0.01666666666666667,1
254,1.509054325955734e-07,0.4289772727272727,0.55425,7.04,0.06656618939964833,0.01666666666666667,1
255,1.509054325955734e-07,0.4346590909090909,0.55425,7.04,0.06656618939964833,0.01666666666666667,1
256,1.509054325955734e-07,0.09782608695652174,0.55425,21.608643457382954,1538.1294964028777,0.01666666666666667,0
257,1.509054325955734e-07,0.10869565217391304,0.55425,21.608643457382954,1538.1294964028777,0.01666666666666667,1
258,1.509054325955734e-07,0.17391304347826086,0.55425,21.608643457382954,1538.1294964028777,0.01666666666666667,1
259,1.509054325955734e-07,0.4289772727272727,0.55425,21.608643457382954,1538.1294964028777,0.01666666666666667,1
260,1.509054325955734e-07,0.4346590909090909,0.55425,21.608643457382954,1538.1294964028777,0.01666666666666667,1
261,1.509054325955734e-07,0.09782608695652174,0.55425,7.04,0.1252197940216026,0.01666666666666667,0
262,1.509054325955734e-07,0.10869565217391304,0.55425,7.04,0.1252197940216026,0.01666666666666667,0
263,1.509054325955734e-07,0.17391304347826086,0.55425,7.04,0.1252197940216026,0.01666666666666667,1
264,1.509054325955734e-07,0.4289772727272727,0.55425,7.04,0.1252197940216026,0.01666666666666667,1
265,1.509054325955734e-07,0.4346590909090909,0.55425,7.04,0.1252197940216026,0.01666666666666667,1
266,1.509054325955734e-07,0.09782608695652174,0.55425,0.5999520038396928,0.056644059281587535,0.01666666666666667,0
267,1.509054325955734e-07,0.10869565217391304,0.55425,0.5999520038396928,0.056644059281587535,0.01666666666666667,0
268,1.509054325955734e-07,0.17391304347826086,0.55425,0.5999520038396928,0.056644059281587535,0.01666666666666667,1
269,1.509054325955734e-07,0.4289772727272727,0.55425,0.5999520038396928,0.056644059281587535,0.01666666666666667,1
270,1.509054325955734e-07,0.4346590909090909,0.55425,0.5999520038396928,0.056644059281587535,0.01666666666666667,1
271,1.509054325955734e-07,0.09782608695652174,0.55425,21.608643457382954,975.8992805755396,0.01666666666666667,0
272,1.509054325955734e-07,0.10869565217391304,0.55425,21.608643457382954,975.8992805755396,0.01666666666666667,0
273,1.509054325955734e-07,0.17391304347826086,0.55425,21.608643457382954,975.8992805755396,0.01666666666666667,1
274,1.509054325955734e-07,0.4289772727272727,0.55425,21.608643457382954,975.8992805755396,0.01666666666666667,1
275,1.509054325955734e-07,0.4346590909090909,0.55425,21.608643457382954,975.8992805755396,0.01666666666666667,1
276,1.509054325955734e-07,0.09782608695652174,0.55425,7.04,0.11190655614167294,0.01666666666666667,0
277,1.509054325955734e-07,0.10869565217391304,0.55425,7.04,0.11190655614167294,0.01666666666666667,0
278,1.509054325955734e-07,0.17391304347826086,0.55425,7.04,0.11190655614167294,0.01666666666666667,1
279,1.509054325955734e-07,0.4289772727272727,0.55425,7.04,0.11190655614167294,0.01666666666666667,1
280,1.509054325955734e-07,0.4346590909090909,0.55425,7.04,0.11190655614167294,0.01666666666666667,1
281,1.509054325955734e-07,0.09782608695652174,0.55425,9.6,12.68762278978389,0.01666666666666667,0
282,1.509054325955734e-07,0.10869565217391304,0.55425,9.6,12.68762278978389,0.01666666666666667,1
283,1.509054325955734e-07,0.17391304347826086,0.55425,9.6,12.68762278978389,0.01666666666666667,1
284,1.509054325955734e-07,0.4289772727272727,0.55425,9.6,12.68762278978389,0.01666666666666667,1
285,1.509054325955734e-07,0.4346590909090909,0.55425,9.6,12.68762278978389,0.01666666666666667,1
286,1.509054325955734e-07,0.09782608695652174,0.55425,10.797840431913617,91.06911447084232,0.01666666666666667,0
287,1.509054325955734e-07,0.10869565217391304,0.55425,10.797840431913617,91.06911447084232,0.01666666666666667,0
288,1.509054325955734e-07,0.17391304347826086,0.55425,10.797840431913617,91.06911447084232,0.01666666666666667,1
289,1.509054325955734e-07,0.4289772727272727,0.55425,10.797840431913617,91.06911447084232,0.01666666666666667,1
290,1.509054325955734e-07,0.4346590909090909,0.55425,10.797840431913617,91.06911447084232,0.01666666666666667,1
291,1.509054325955734e-07,0.09782608695652174,0.55425,12.147570485902818,1256.654676258993,0.01666666666666667,0
292,1.509054325955734e-07,0.10869565217391304,0.55425,12.147570485902818,1256.654676258993,0.01666666666666667,0
293,1.509054325955734e-07,0.17391304347826086,0.55425,12.147570485902818,1256.654676258993,0.01666666666666667,1
294,1.509054325955734e-07,0.4289772727272727,0.55425,12.147570485902818,1256.654676258993,0.01666666666666667,1
295,1.509054325955734e-07,0.4346590909090909,0.55425,12.147570485902818,1256.654676258993,0.01666666666666667,1
296,1.509054325955734e-07,0.17391304347826086,0.55425,7.04,0.04873147450389349,0.01666666666666667,0
297,1.509054325955734e-07,0.4289772727272727,0.55425,7.04,0.04873147450389349,0.01666666666666667,0
298,1.509054325955734e-07,0.4346590909090909,0.55425,7.04,0.04873147450389349,0.01666666666666667,0
299,1.509054325955734e-07,0.10869565217391304,0.55425,2.699784017278618,0.06656618939964833,0.01666666666666667,0
300,1.509054325955734e-07,0.17391304347826086,0.55425,2.699784017278618,0.06656618939964833,0.01666666666666667,0
301,1.509054325955734e-07,0.4289772727272727,0.55425,2.699784017278618,0.06656618939964833,0.01666666666666667,0
302,1.509054325955734e-07,0.4346590909090909,0.55425,2.699784017278618,0.06656618939964833,0.01666666666666667,0
303,1.509054325955734e-07,0.10869565217391304,0.55425,9.603841536614645,1538.1294964028777,0.01666666666666667,0
304,1.509054325955734e-07,0.17391304347826086,0.55425,9.603841536614645,1538.1294964028777,0.01666666666666667,0
305,1.509054325955734e-07,0.4289772727272727,0.55425,9.603841536614645,1538.1294964028777,0.01666666666666667,0
306,1.509054325955734e-07,0.4346590909090909,0.55425,9.603841536614645,1538.1294964028777,0.01666666666666667,0
307,1.509054325955734e-07,0.17391304347826086,0.55425,21.608643457382954,0.1252197940216026,0.01666666666666667,0
308,1.509054325955734e-07,0.4289772727272727,0.55425,21.608643457382954,0.1252197940216026,0.01666666666666667,0
309,1.509054325955734e-07,0.4346590909090909,0.55425,21.608643457382954,0.1252197940216026,0.01666666666666667,0
310,1.509054325955734e-07,0.17391304347826086,0.55425,12.147570485902818,0.056644059281587535,0.01666666666666667,0
311,1.509054325955734e-07,0.4289772727272727,0.55425,12.147570485902818,0.056644059281587535,0.01666666666666667,0
312,1.509054325955734e-07,0.4346590909090909,0.55425,12.147570485902818,0.056644059281587535,0.01666666666666667,0
313,1.509054325955734e-07,0.17391304347826086,0.55425,21.608643457382954,975.8992805755396,0.01666666666666667,0
314,1.509054325955734e-07,0.4289772727272727,0.55425,21.608643457382954,975.8992805755396,0.01666666666666667,0
315,1.509054325955734e-07,0.4346590909090909,0.55425,21.608643457382954,975.8992805755396,0.01666666666666667,0
316,1.509054325955734e-07,0.17391304347826086,0.55425,21.608643457382954,0.11190655614167294,0.01666666666666667,0
317,1.509054325955734e-07,0.4289772727272727,0.55425,21.608643457382954,0.11190655614167294,0.01666666666666667,0
318,1.509054325955734e-07,0.4346590909090909,0.55425,21.608643457382954,0.11190655614167294,0.01666666666666667,0
319,1.509054325955734e-07,0.10869565217391304,0.55425,12.147570485902818,12.68762278978389,0.01666666666666667,0
320,1.509054325955734e-07,0.17391304347826086,0.55425,12.147570485902818,12.68762278978389,0.01666666666666667,0
321,1.509054325955734e-07,0.4289772727272727,0.55425,12.147570485902818,12.68762278978389,0.01666666666666667,0
322,1.509054325955734e-07,0.4346590909090909,0.55425,12.147570485902818,12.68762278978389,0.01666666666666667,0
323,1.509054325955734e-07,0.17391304347826086,0.55425,21.608643457382954,91.06911447084232,0.01666666666666667,0
324,1.509054325955734e-07,0.4289772727272727,0.55425,21.608643457382954,91.06911447084232,0.01666666666666667,0
325,1.509054325955734e-07,0.4346590909090909,0.55425,21.608643457382954,91.06911447084232,0.01666666666666667,0
326,1.509054325955734e-07,0.17391304347826086,0.55425,21.608643457382954,1256.654676258993,0.01666666666666667,0
327,1.509054325955734e-07,0.4289772727272727,0.55425,21.608643457382954,1256.654676258993,0.01666666666666667,0
328,1.509054325955734e-07,0.4346590909090909,0.55425,21.608643457382954,1256.654676258993,0.01666666666666667,0
329,2.102446483180428e-07,0.0,0.6909227306826706,2.699784017278618,10.569744597249509,0.07501875468867217,0
330,2.102446483180428e-07,0.14130434782608695,0.6909227306826706,2.699784017278618,10.569744597249509,0.07501875468867217,1
331,2.102446483180428e-07,0.22916666666666666,0.6909227306826706,2.699784017278618,10.569744597249509,0.07501875468867217,1
332,2.102446483180428e-07,0.3464052287581699,0.6909227306826706,2.699784017278618,10.569744597249509,0.07501875468867217,1
333,2.102446483180428e-07,0.0,0.6909227306826706,2.699784017278618,9.332023575638507,0.07501875468867217,0
334,2.102446483180428e-07,0.14130434782608695,0.6909227306826706,2.699784017278618,9.332023575638507,0.07501875468867217,0
335,2.102446483180428e-07,0.22916666666666666,0.6909227306826706,2.699784017278618,9.332023575638507,0.07501875468867217,1
336,2.102446483180428e-07,0.3464052287581699,0.6909227306826706,2.699784017278618,9.332023575638507,0.07501875468867217,1
337,2.102446483180428e-07,0.0,0.6909227306826706,2.699784017278618,0.042702838482793264,0.07501875468867217,0
338,2.102446483180428e-07,0.14130434782608695,0.6909227306826706,2.699784017278618,0.042702838482793264,0.07501875468867217,1
339,2.102446483180428e-07,0.22916666666666666,0.6909227306826706,2.699784017278618,0.042702838482793264,0.07501875468867217,1
340,2.102446483180428e-07,0.3464052287581699,0.6909227306826706,2.699784017278618,0.042702838482793264,0.07501875468867217,1
341,2.102446483180428e-07,0.08260869565217391,0.6909227306826706,2.699784017278618,0.042702838482793264,0.07501875468867217,0
342,2.102446483180428e-07,0.23043478260869565,0.6909227306826706,2.699784017278618,0.042702838482793264,0.07501875468867217,0
343,2.102446483180428e-07,0.11521739130434783,0.6909227306826706,2.699784017278618,0.042702838482793264,0.07501875468867217,0
344,2.102446483180428e-07,0.14130434782608695,0.6909227306826706,2.699784017278618,0.042702838482793264,0.07501875468867217,1
345,2.102446483180428e-07,0.238562091503268,0.6909227306826706,2.699784017278618,0.042702838482793264,0.07501875468867217,1
346,2.102446483180428e-07,0.0,0.6909227306826706,12.147570485902818,12.911591355599214,0.07501875468867217,0
347,2.102446483180428e-07,0.14130434782608695,0.6909227306826706,12.147570485902818,12.911591355599214,0.07501875468867217,0
348,2.102446483180428e-07,0.22916666666666666,0.6909227306826706,12.147570485902818,12.911591355599214,0.07501875468867217,0
349,2.102446483180428e-07,0.3464052287581699,0.6909227306826706,12.147570485902818,12.911591355599214,0.07501875468867217,1
350,2.102446483180428e-07,0.0,0.6909227306826706,2.699784017278618,0.033534287867370005,0.07501875468867217,0
351,2.102446483180428e-07,0.14130434782608695,0.6909227306826706,2.699784017278618,0.033534287867370005,0.07501875468867217,1
352,2.102446483180428e-07,0.22916666666666666,0.6909227306826706,2.699784017278618,0.033534287867370005,0.07501875468867217,1
353,2.102446483180428e-07,0.3464052287581699,0.6909227306826706,2.699784017278618,0.033534287867370005,0.07501875468867217,1
354,2.102446483180428e-07,0.0,0.6909227306826706,2.699784017278618,0.0963325797538307,0.07501875468867217,0
355,2.102446483180428e-07,0.14130434782608695,0.6909227306826706,2.699784017278618,0.0963325797538307,0.07501875468867217,0
356,2.102446483180428e-07,0.22916666666666666,0.6909227306826706,2.699784017278618,0.0963325797538307,0.07501875468867217,1
357,2.102446483180428e-07,0.3464052287581699,0.6909227306826706,2.699784017278618,0.0963325797538307,0.07501875468867217,1
358,2.102446483180428e-07,0.0,0.6909227306826706,2.699784017278618,0.18538055764883193,0.07501875468867217,0
359,2.102446483180428e-07,0.14130434782608695,0.6909227306826706,2.699784017278618,0.18538055764883193,0.07501875468867217,0
360,2.102446483180428e-07,0.22916666666666666,0.6909227306826706,2.699784017278618,0.18538055764883193,0.07501875468867217,1
361,2.102446483180428e-07,0.3464052287581699,0.6909227306826706,2.699784017278618,0.18538055764883193,0.07501875468867217,1
362,2.102446483180428e-07,0.0,0.6909227306826706,2.699784017278618,0.13828183873398642,0.07501875468867217,0
363,2.102446483180428e-07,0.14130434782608695,0.6909227306826706,2.699784017278618,0.13828183873398642,0.07501875468867217,1
364,2.102446483180428e-07,0.22916666666666666,0.6909227306826706,2.699784017278618,0.13828183873398642,0.07501875468867217,1
365,2.102446483180428e-07,0.3464052287581699,0.6909227306826706,2.699784017278618,0.13828183873398642,0.07501875468867217,1
366,2.102446483180428e-07,0.0,0.6909227306826706,0.5999520038396928,0.07887465460939462,0.07501875468867217,0
367,2.102446483180428e-07,0.14130434782608695,0.6909227306826706,0.5999520038396928,0.07887465460939462,0.07501875468867217,1
368,2.102446483180428e-07,0.22916666666666666,0.6909227306826706,0.5999520038396928,0.07887465460939462,0.07501875468867217,1
369,2.102446483180428e-07,0.3464052287581699,0.6909227306826706,0.5999520038396928,0.07887465460939462,0.07501875468867217,1
370,2.102446483180428e-07,0.08260869565217391,0.6909227306826706,0.5999520038396928,0.02637528259231349,0.07501875468867217,0
371,2.102446483180428e-07,0.23043478260869565,0.6909227306826706,0.5999520038396928,0.02637528259231349,0.07501875468867217,0
372,2.102446483180428e-07,0.11521739130434783,0.6909227306826706,0.5999520038396928,0.02637528259231349,0.07501875468867217,1
373,2.102446483180428e-07,0.14130434782608695,0.6909227306826706,0.5999520038396928,0.02637528259231349,0.07501875468867217,1
374,2.102446483180428e-07,0.238562091503268,0.6909227306826706,0.5999520038396928,0.02637528259231349,0.07501875468867217,1
375,2.102446483180428e-07,0.08260869565217391,0.6909227306826706,0.5999520038396928,0.043582014569203714,0.07501875468867217,0
376,2.102446483180428e-07,0.23043478260869565,0.6909227306826706,0.5999520038396928,0.043582014569203714,0.07501875468867217,0
377,2.102446483180428e-07,0.11521739130434783,0.6909227306826706,0.5999520038396928,0.043582014569203714,0.07501875468867217,1
378,2.102446483180428e-07,0.14130434782608695,0.6909227306826706,0.5999520038396928,0.043582014569203714,0.07501875468867217,1
379,2.102446483180428e-07,0.238562091503268,0.6909227306826706,0.5999520038396928,0.043582014569203714,0.07501875468867217,1
380,2.102446483180428e-07,0.08260869565217391,0.6909227306826706,0.5999520038396928,0.04923386083898518,0.07501875468867217,0
381,2.102446483180428e-07,0.23043478260869565,0.6909227306826706,0.5999520038396928,0.04923386083898518,0.07501875468867217,0
382,2.102446483180428e-07,0.11521739130434783,0.6909227306826706,0.5999520038396928,0.04923386083898518,0.07501875468867217,1
383,2.102446483180428e-07,0.14130434782608695,0.6909227306826706,0.5999520038396928,0.04923386083898518,0.07501875468867217,1
384,2.102446483180428e-07,0.238562091503268,0.6909227306826706,0.5999520038396928,0.04923386083898518,0.07501875468867217,1
385,2.102446483180428e-07,0.08260869565217391,0.6909227306826706,0.5999520038396928,0.062421502135141915,0.07501875468867217,0
386,2.102446483180428e-07,0.23043478260869565,0.6909227306826706,0.5999520038396928,0.062421502135141915,0.07501875468867217,0
387,2.102446483180428e-07,0.11521739130434783,0.6909227306826706,0.5999520038396928,0.062421502135141915,0.07501875468867217,0
388,2.102446483180428e-07,0.14130434782608695,0.6909227306826706,0.5999520038396928,0.062421502135141915,0.07501875468867217,0
389,2.102446483180428e-07,0.238562091503268,0.6909227306826706,0.5999520038396928,0.062421502135141915,0.07501875468867217,1
390,2.102446483180428e-07,0.08260869565217391,0.6909227306826706,2.699784017278618,0.08377292137653855,0.07501875468867217,0
391,2.102446483180428e-07,0.23043478260869565,0.6909227306826706,2.699784017278618,0.08377292137653855,0.07501875468867217,0
392,2.102446483180428e-07,0.11521739130434783,0.6909227306826706,2.699784017278618,0.08377292137653855,0.07501875468867217,1
393,2.102446483180428e-07,0.14130434782608695,0.6909227306826706,2.699784017278618,0.08377292137653855,0.07501875468867217,1
394,2.102446483180428e-07,0.238562091503268,0.6909227306826706,2.699784017278618,0.08377292137653855,0.07501875468867217,1
395,2.102446483180428e-07,0.08260869565217391,0.6909227306826706,2.699784017278618,0.08377292137653855,0.07501875468867217,0
396,2.102446483180428e-07,0.23043478260869565,0.6909227306826706,2.699784017278618,0.08377292137653855,0.07501875468867217,0
397,2.102446483180428e-07,0.11521739130434783,0.6909227306826706,2.699784017278618,0.08377292137653855,0.07501875468867217,1
398,2.102446483180428e-07,0.14130434782608695,0.6909227306826706,2.699784017278618,0.08377292137653855,0.07501875468867217,1
399,2.102446483180428e-07,0.238562091503268,0.6909227306826706,2.699784017278618,0.08377292137653855,0.07501875468867217,1
400,2.102446483180428e-07,0.07608695652173914,0.6909227306826706,2.699784017278618,0.05840241145440844,0.07501875468867217,0
401,2.102446483180428e-07,0.18478260869565216,0.6909227306826706,2.699784017278618,0.05840241145440844,0.07501875468867217,0
402,2.102446483180428e-07,0.2549019607843137,0.6909227306826706,2.699784017278618,0.05840241145440844,0.07501875468867217,1
403,2.102446483180428e-07,0.4431818181818182,0.6909227306826706,2.699784017278618,0.05840241145440844,0.07501875468867217,1
404,2.102446483180428e-07,0.07608695652173914,0.6909227306826706,0.5999520038396928,0.02637528259231349,0.07501875468867217,0
405,2.102446483180428e-07,0.18478260869565216,0.6909227306826706,0.5999520038396928,0.02637528259231349,0.07501875468867217,0
406,2.102446483180428e-07,0.2549019607843137,0.6909227306826706,0.5999520038396928,0.02637528259231349,0.07501875468867217,1
407,2.102446483180428e-07,0.4431818181818182,0.6909227306826706,0.5999520038396928,0.02637528259231349,0.07501875468867217,1
408,2.102446483180428e-07,0.07608695652173914,0.6909227306826706,0.5999520038396928,0.043582014569203714,0.07501875468867217,0
409,2.102446483180428e-07,0.18478260869565216,0.6909227306826706,0.5999520038396928,0.043582014569203714,0.07501875468867217,0
410,2.102446483180428e-07,0.2549019607843137,0.6909227306826706,0.5999520038396928,0.043582014569203714,0.07501875468867217,1
411,2.102446483180428e-07,0.4431818181818182,0.6909227306826706,0.5999520038396928,0.043582014569203714,0.07501875468867217,1
412,2.102446483180428e-07,0.07608695652173914,0.6909227306826706,4.649628029757619,0.04923386083898518,0.07501875468867217,0
413,2.102446483180428e-07,0.18478260869565216,0.6909227306826706,4.649628029757619,0.04923386083898518,0.07501875468867217,0
414,2.102446483180428e-07,0.2549019607843137,0.6909227306826706,4.649628029757619,0.04923386083898518,0.07501875468867217,1
415,2.102446483180428e-07,0.4431818181818182,0.6909227306826706,4.649628029757619,0.04923386083898518,0.07501875468867217,1
416,2.102446483180428e-07,0.07608695652173914,0.6909227306826706,0.5999520038396928,0.003767897513187641,0.07501875468867217,0
417,2.102446483180428e-07,0.18478260869565216,0.6909227306826706,0.5999520038396928,0.003767897513187641,0.07501875468867217,0
418,2.102446483180428e-07,0.2549019607843137,0.6909227306826706,0.5999520038396928,0.003767897513187641,0.07501875468867217,1
419,2.102446483180428e-07,0.4431818181818182,0.6909227306826706,0.5999520038396928,0.003767897513187641,0.07501875468867217,1
420,2.102446483180428e-07,0.14130434782608695,0.6909227306826706,7.04,10.569744597249509,0.07501875468867217,0
421,2.102446483180428e-07,0.22916666666666666,0.6909227306826706,7.04,10.569744597249509,0.07501875468867217,0
422,2.102446483180428e-07,0.3464052287581699,0.6909227306826706,7.04,10.569744597249509,0.07501875468867217,0
423,2.102446483180428e-07,0.22916666666666666,0.6909227306826706,7.04,9.332023575638507,0.07501875468867217,0
424,2.102446483180428e-07,0.3464052287581699,0.6909227306826706,7.04,9.332023575638507,0.07501875468867217,0
425,2.102446483180428e-07,0.14130434782608695,0.6909227306826706,21.608643457382954,0.042702838482793264,0.07501875468867217,0
426,2.102446483180428e-07,0.22916666666666666,0.6909227306826706,21.608643457382954,0.042702838482793264,0.07501875468867217,0
427,2.102446483180428e-07,0.3464052287581699,0.6909227306826706,21.608643457382954,0.042702838482793264,0.07501875468867217,0
428,2.102446483180428e-07,0.14130434782608695,0.6909227306826706,21.608643457382954,0.042702838482793264,0.07501875468867217,0
429,2.102446483180428e-07,0.238562091503268,0.6909227306826706,21.608643457382954,0.042702838482793264,0.07501875468867217,0
430,2.102446483180428e-07,0.3464052287581699,0.6909227306826706,12.147570485902818,12.911591355599214,0.07501875468867217,0
431,2.102446483180428e-07,0.14130434782608695,0.6909227306826706,2.699784017278618,0.033534287867370005,0.07501875468867217,0
432,2.102446483180428e-07,0.22916666666666666,0.6909227306826706,2.699784017278618,0.033534287867370005,0.07501875468867217,0
433,2.102446483180428e-07,0.3464052287581699,0.6909227306826706,2.699784017278618,0.033534287867370005,0.07501875468867217,0
434,2.102446483180428e-07,0.22916666666666666,0.6909227306826706,12.147570485902818,0.0963325797538307,0.07501875468867217,0
435,2.102446483180428e-07,0.3464052287581699,0.6909227306826706,12.147570485902818,0.0963325797538307,0.07501875468867217,0
436,2.102446483180428e-07,0.22916666666666666,0.6909227306826706,21.608643457382954,0.18538055764883193,0.07501875468867217,0
437,2.102446483180428e-07,0.3464052287581699,0.6909227306826706,21.608643457382954,0.18538055764883193,0.07501875468867217,0
438,2.102446483180428e-07,0.14130434782608695,0.6909227306826706,7.04,0.13828183873398642,0.07501875468867217,0
439,2.102446483180428e-07,0.22916666666666666,0.6909227306826706,7.04,0.13828183873398642,0.07501875468867217,0
440,2.102446483180428e-07,0.3464052287581699,0.6909227306826706,7.04,0.13828183873398642,0.07501875468867217,0
441,2.102446483180428e-07,0.14130434782608695,0.6909227306826706,21.608643457382954,0.07887465460939462,0.07501875468867217,0
442,2.102446483180428e-07,0.22916666666666666,0.6909227306826706,21.608643457382954,0.07887465460939462,0.07501875468867217,0
443,2.102446483180428e-07,0.3464052287581699,0.6909227306826706,21.608643457382954,0.07887465460939462,0.07501875468867217,0
444,2.102446483180428e-07,0.11521739130434783,0.6909227306826706,7.04,0.02637528259231349,0.07501875468867217,0
445,2.102446483180428e-07,0.14130434782608695,0.6909227306826706,7.04,0.02637528259231349,0.07501875468867217,0
446,2.102446483180428e-07,0.238562091503268,0.6909227306826706,7.04,0.02637528259231349,0.07501875468867217,0
447,2.102446483180428e-07,0.11521739130434783,0.6909227306826706,12.147570485902818,0.043582014569203714,0.07501875468867217,0
448,2.102446483180428e-07,0.14130434782608695,0.6909227306826706,12.147570485902818,0.043582014569203714,0.07501875468867217,0
449,2.102446483180428e-07,0.238562091503268,0.6909227306826706,12.147570485902818,0.043582014569203714,0.07501875468867217,0
450,2.102446483180428e-07,0.11521739130434783,0.6909227306826706,21.608643457382954,0.04923386083898518,0.07501875468867217,0
451,2.102446483180428e-07,0.14130434782608695,0.6909227306826706,21.608643457382954,0.04923386083898518,0.07501875468867217,0
452,2.102446483180428e-07,0.238562091503268,0.6909227306826706,21.608643457382954,0.04923386083898518,0.07501875468867217,0
453,2.102446483180428e-07,0.238562091503268,0.6909227306826706,0.5999520038396928,0.062421502135141915,0.07501875468867217,0
454,2.102446483180428e-07,0.11521739130434783,0.6909227306826706,12.147570485902818,0.08377292137653855,0.07501875468867217,0
455,2.102446483180428e-07,0.14130434782608695,0.6909227306826706,12.147570485902818,0.08377292137653855,0.07501875468867217,0
456,2.102446483180428e-07,0.238562091503268,0.6909227306826706,12.147570485902818,0.08377292137653855,0.07501875468867217,0
457,2.102446483180428e-07,0.11521739130434783,0.6909227306826706,12.147570485902818,0.08377292137653855,0.07501875468867217,0
458,2.102446483180428e-07,0.14130434782608695,0.6909227306826706,12.147570485902818,0.08377292137653855,0.07501875468867217,0
459,2.102446483180428e-07,0.238562091503268,0.6909227306826706,12.147570485902818,0.08377292137653855,0.07501875468867217,0
460,2.102446483180428e-07,0.2549019607843137,0.6909227306826706,7.04,0.05840241145440844,0.07501875468867217,0
461,2.102446483180428e-07,0.4431818181818182,0.6909227306826706,7.04,0.05840241145440844,0.07501875468867217,0
462,2.102446483180428e-07,0.2549019607843137,0.6909227306826706,7.04,0.02637528259231349,0.07501875468867217,0
463,2.102446483180428e-07,0.4431818181818182,0.6909227306826706,7.04,0.02637528259231349,0.07501875468867217,0
464,2.102446483180428e-07,0.2549019607843137,0.6909227306826706,7.04,0.043582014569203714,0.07501875468867217,0
465,2.102446483180428e-07,0.4431818181818182,0.6909227306826706,7.04,0.043582014569203714,0.07501875468867217,0
466,2.102446483180428e-07,0.2549019607843137,0.6909227306826706,2.699784017278618,0.04923386083898518,0.07501875468867217,0
467,2.102446483180428e-07,0.4431818181818182,0.6909227306826706,2.699784017278618,0.04923386083898518,0.07501875468867217,0
468,2.102446483180428e-07,0.2549019607843137,0.6909227306826706,9.603841536614645,0.003767897513187641,0.07501875468867217,0
469,2.102446483180428e-07,0.4431818181818182,0.6909227306826706,9.603841536614645,0.003767897513187641,0.07501875468867217,0
470,1.485884101040119e-07,0.08260869565217391,0.9552388097024256,7.04,0.1827430293896006,0.1499250374812594,0
471,1.485884101040119e-07,0.23043478260869565,0.9552388097024256,7.04,0.1827430293896006,0.1499250374812594,0
472,1.485884101040119e-07,0.11521739130434783,0.9552388097024256,7.04,0.1827430293896006,0.1499250374812594,0
473,1.485884101040119e-07,0.14130434782608695,0.9552388097024256,7.04,0.1827430293896006,0.1499250374812594,1
474,1.485884101040119e-07,0.238562091503268,0.9552388097024256,7.04,0.1827430293896006,0.1499250374812594,1
475,1.485884101040119e-07,0.08260869565217391,0.9552388097024256,0.5999520038396928,0.03692539562923888,0.1499250374812594,0
476,1.485884101040119e-07,0.23043478260869565,0.9552388097024256,0.5999520038396928,0.03692539562923888,0.1499250374812594,0
477,1.485884101040119e-07,0.11521739130434783,0.9552388097024256,0.5999520038396928,0.03692539562923888,0.1499250374812594,0
478,1.485884101040119e-07,0.14130434782608695,0.9552388097024256,0.5999520038396928,0.03692539562923888,0.1499250374812594,1
479,1.485884101040119e-07,0.238562091503268,0.9552388097024256,0.5999520038396928,0.03692539562923888,0.1499250374812594,1
480,1.485884101040119e-07,0.08260869565217391,0.9552388097024256,0.5999520038396928,0.031650339110776186,0.1499250374812594,0
481,1.485884101040119e-07,0.23043478260869565,0.9552388097024256,0.5999520038396928,0.031650339110776186,0.1499250374812594,0
482,1.485884101040119e-07,0.11521739130434783,0.9552388097024256,0.5999520038396928,0.031650339110776186,0.1499250374812594,0
483,1.485884101040119e-07,0.14130434782608695,0.9552388097024256,0.5999520038396928,0.031650339110776186,0.1499250374812594,1
484,1.485884101040119e-07,0.238562091503268,0.9552388097024256,0.5999520038396928,0.031650339110776186,0.1499250374812594,1
485,1.485884101040119e-07,0.08260869565217391,0.9552388097024256,0.5999520038396928,0.02499372017081135,0.1499250374812594,0
486,1.485884101040119e-07,0.23043478260869565,0.9552388097024256,0.5999520038396928,0.02499372017081135,0.1499250374812594,0
487,1.485884101040119e-07,0.11521739130434783,0.9552388097024256,0.5999520038396928,0.02499372017081135,0.1499250374812594,0
488,1.485884101040119e-07,0.14130434782608695,0.9552388097024256,0.5999520038396928,0.02499372017081135,0.1499250374812594,1
489,1.485884101040119e-07,0.238562091503268,0.9552388097024256,0.5999520038396928,0.02499372017081135,0.1499250374812594,1
490,1.485884101040119e-07,0.0,0.9552388097024256,0.5999520038396928,0.0434564179854308,0.1499250374812594,0
491,1.485884101040119e-07,0.14130434782608695,0.9552388097024256,0.5999520038396928,0.0434564179854308,0.1499250374812594,0
492,1.485884101040119e-07,0.22916666666666666,0.9552388097024256,0.5999520038396928,0.0434564179854308,0.1499250374812594,1
493,1.485884101040119e-07,0.3464052287581699,0.9552388097024256,0.5999520038396928,0.0434564179854308,0.1499250374812594,1
494,1.485884101040119e-07,0.08260869565217391,0.9552388097024256,0.5999520038396928,0.030143180105501127,0.1499250374812594,0
495,1.485884101040119e-07,0.23043478260869565,0.9552388097024256,0.5999520038396928,0.030143180105501127,0.1499250374812594,0
496,1.485884101040119e-07,0.11521739130434783,0.9552388097024256,0.5999520038396928,0.030143180105501127,0.1499250374812594,0
497,1.485884101040119e-07,0.14130434782608695,0.9552388097024256,0.5999520038396928,0.030143180105501127,0.1499250374812594,1
498,1.485884101040119e-07,0.238562091503268,0.9552388097024256,0.5999520038396928,0.030143180105501127,0.1499250374812594,1
499,1.485884101040119e-07,0.010869565217391304,0.9552388097024256,8.0,10.416502946954814,0.1499250374812594,0
500,1.485884101040119e-07,0.2608695652173913,0.9552388097024256,8.0,10.416502946954814,0.1499250374812594,1
501,1.485884101040119e-07,0.4513888888888889,0.9552388097024256,8.0,10.416502946954814,0.1499250374812594,1
502,1.485884101040119e-07,0.4005681818181818,0.9552388097024256,8.0,10.416502946954814,0.1499250374812594,1
503,1.485884101040119e-07,0.0,0.9552388097024256,0.5999520038396928,0.029891986937955285,0.1499250374812594,0
504,1.485884101040119e-07,0.4513888888888889,0.9552388097024256,0.5999520038396928,0.029891986937955285,0.1499250374812594,1
505,1.485884101040119e-07,0.5127388535031847,0.9552388097024256,0.5999520038396928,0.029891986937955285,0.1499250374812594,1
506,1.485884101040119e-07,0.0,0.9552388097024256,0.5999520038396928,0.030143180105501127,0.1499250374812594,0
507,1.485884101040119e-07,0.4513888888888889,0.9552388097024256,0.5999520038396928,0.030143180105501127,0.1499250374812594,1
508,1.485884101040119e-07,0.5127388535031847,0.9552388097024256,0.5999520038396928,0.030143180105501127,0.1499250374812594,1
509,1.485884101040119e-07,0.0,0.9552388097024256,0.5999520038396928,0.02499372017081135,0.1499250374812594,0
510,1.485884101040119e-07,0.4513888888888889,0.9552388097024256,0.5999520038396928,0.02499372017081135,0.1499250374812594,1
511,1.485884101040119e-07,0.5127388535031847,0.9552388097024256,0.5999520038396928,0.02499372017081135,0.1499250374812594,1
512,1.485884101040119e-07,0.0,0.9552388097024256,0.5999520038396928,0.05978397387591057,0.1499250374812594,0
513,1.485884101040119e-07,0.4513888888888889,0.9552388097024256,0.5999520038396928,0.05978397387591057,0.1499250374812594,0
514,1.485884101040119e-07,0.5127388535031847,0.9552388097024256,0.5999520038396928,0.05978397387591057,0.1499250374812594,1
515,1.485884101040119e-07,0.07608695652173914,0.9552388097024256,0.5999520038396928,0.02486812358703843,0.1499250374812594,0
516,1.485884101040119e-07,0.18478260869565216,0.9552388097024256,0.5999520038396928,0.02486812358703843,0.1499250374812594,0
517,1.485884101040119e-07,0.2549019607843137,0.9552388097024256,0.5999520038396928,0.02486812358703843,0.1499250374812594,1
518,1.485884101040119e-07,0.4431818181818182,0.9552388097024256,0.5999520038396928,0.02486812358703843,0.1499250374812594,1
519,1.485884101040119e-07,0.010869565217391304,0.9552388097024256,5.099592032637389,0.08063300678221552,0.1499250374812594,0
520,1.485884101040119e-07,0.2608695652173913,0.9552388097024256,5.099592032637389,0.08063300678221552,0.1499250374812594,0
521,1.485884101040119e-07,0.4513888888888889,0.9552388097024256,5.099592032637389,0.08063300678221552,0.1499250374812594,1
522,1.485884101040119e-07,0.4005681818181818,0.9552388097024256,5.099592032637389,0.08063300678221552,0.1499250374812594,1
523,1.485884101040119e-07,0.14130434782608695,0.9552388097024256,2.699784017278618,0.1827430293896006,0.1499250374812594,0
524,1.485884101040119e-07,0.238562091503268,0.9552388097024256,2.699784017278618,0.1827430293896006,0.1499250374812594,0
525,1.485884101040119e-07,0.14130434782608695,0.9552388097024256,7.04,0.03692539562923888,0.1499250374812594,0
526,1.485884101040119e-07,0.238562091503268,0.9552388097024256,7.04,0.03692539562923888,0.1499250374812594,0
527,1.485884101040119e-07,0.14130434782608695,0.9552388097024256,2.699784017278618,0.031650339110776186,0.1499250374812594,0
528,1.485884101040119e-07,0.238562091503268,0.9552388097024256,2.699784017278618,0.031650339110776186,0.1499250374812594,0
529,1.485884101040119e-07,0.14130434782608695,0.9552388097024256,12.147570485902818,0.02499372017081135,0.1499250374812594,0
530,1.485884101040119e-07,0.238562091503268,0.9552388097024256,12.147570485902818,0.02499372017081135,0.1499250374812594,0
531,1.485884101040119e-07,0.22916666666666666,0.9552388097024256,12.147570485902818,0.0434564179854308,0.1499250374812594,0
532,1.485884101040119e-07,0.3464052287581699,0.9552388097024256,12.147570485902818,0.0434564179854308,0.1499250374812594,0
533,1.485884101040119e-07,0.14130434782608695,0.9552388097024256,12.147570485902818,0.030143180105501127,0.1499250374812594,0
534,1.485884101040119e-07,0.238562091503268,0.9552388097024256,12.147570485902818,0.030143180105501127,0.1499250374812594,0
535,1.485884101040119e-07,0.2608695652173913,0.9552388097024256,21.608643457382954,10.416502946954814,0.1499250374812594,0
536,1.485884101040119e-07,0.4513888888888889,0.9552388097024256,21.608643457382954,10.416502946954814,0.1499250374812594,0
537,1.485884101040119e-07,0.4005681818181818,0.9552388097024256,21.608643457382954,10.416502946954814,0.1499250374812594,0
538,1.485884101040119e-07,0.4513888888888889,0.9552388097024256,12.147570485902818,0.029891986937955285,0.1499250374812594,0
539,1.485884101040119e-07,0.5127388535031847,0.9552388097024256,12.147570485902818,0.029891986937955285,0.1499250374812594,0
540,1.485884101040119e-07,0.4513888888888889,0.9552388097024256,21.608643457382954,0.030143180105501127,0.1499250374812594,0
541,1.485884101040119e-07,0.5127388535031847,0.9552388097024256,21.608643457382954,0.030143180105501127,0.1499250374812594,0
542,1.485884101040119e-07,0.4513888888888889,0.9552388097024256,12.147570485902818,0.02499372017081135,0.1499250374812594,0
543,1.485884101040119e-07,0.5127388535031847,0.9552388097024256,12.147570485902818,0.02499372017081135,0.1499250374812594,0
544,1.485884101040119e-07,0.5127388535031847,0.9552388097024256,2.699784017278618,0.05978397387591057,0.1499250374812594,0
545,1.485884101040119e-07,0.2549019607843137,0.9552388097024256,7.04,0.02486812358703843,0.1499250374812594,0
546,1.485884101040119e-07,0.4431818181818182,0.9552388097024256,7.04,0.02486812358703843,0.1499250374812594,0
547,1.485884101040119e-07,0.4513888888888889,0.9552388097024256,7.04,0.08063300678221552,0.1499250374812594,0
548,1.485884101040119e-07,0.4005681818181818,0.9552388097024256,7.04,0.08063300678221552,0.1499250374812594,0
549,3.042750646584512e-08,0.0,0.47350000000000003,7.04,9.803536345776031,0.01666666666666667,0
550,3.042750646584512e-08,0.14130434782608695,0.47350000000000003,7.04,9.803536345776031,0.01666666666666667,0
551,3.042750646584512e-08,0.22916666666666666,0.47350000000000003,7.04,9.803536345776031,0.01666666666666667,1
552,3.042750646584512e-08,0.3464052287581699,0.47350000000000003,7.04,9.803536345776031,0.01666666666666667,1
553,3.042750646584512e-08,0.0,0.47350000000000003,2.699784017278618,0.0864104496357699,0.01666666666666667,0
554,3.042750646584512e-08,0.14130434782608695,0.47350000000000003,2.699784017278618,0.0864104496357699,0.01666666666666667,1
555,3.042750646584512e-08,0.22916666666666666,0.47350000000000003,2.699784017278618,0.0864104496357699,0.01666666666666667,1
556,3.042750646584512e-08,0.3464052287581699,0.47350000000000003,2.699784017278618,0.0864104496357699,0.01666666666666667,1
557,3.042750646584512e-08,0.0,0.47350000000000003,2.699784017278618,96.41468682505399,0.01666666666666667,0
558,3.042750646584512e-08,0.14130434782608695,0.47350000000000003,2.699784017278618,96.41468682505399,0.01666666666666667,0
559,3.042750646584512e-08,0.22916666666666666,0.47350000000000003,2.699784017278618,96.41468682505399,0.01666666666666667,0
560,3.042750646584512e-08,0.3464052287581699,0.47350000000000003,2.699784017278618,96.41468682505399,0.01666666666666667,1
561,3.042750646584512e-08,0.0,0.47350000000000003,2.699784017278618,14.231827111984282,0.01666666666666667,0
562,3.042750646584512e-08,0.14130434782608695,0.47350000000000003,2.699784017278618,14.231827111984282,0.01666666666666667,1
563,3.042750646584512e-08,0.22916666666666666,0.47350000000000003,2.699784017278618,14.231827111984282,0.01666666666666667,1
564,3.042750646584512e-08,0.3464052287581699,0.47350000000000003,2.699784017278618,14.231827111984282,0.01666666666666667,1
565,3.042750646584512e-08,0.0,0.47350000000000003,7.04,367.021582733813,0.01666666666666667,0
566,3.042750646584512e-08,0.14130434782608695,0.47350000000000003,7.04,367.021582733813,0.01666666666666667,1
567,3.042750646584512e-08,0.22916666666666666,0.47350000000000003,7.04,367.021582733813,0.01666666666666667,1
568,3.042750646584512e-08,0.3464052287581699,0.47350000000000003,7.04,367.021582733813,0.01666666666666667,1
569,3.042750646584512e-08,0.0,0.47350000000000003,0.5999520038396928,356.66187050359713,0.01666666666666667,0
570,3.042750646584512e-08,0.14130434782608695,0.47350000000000003,0.5999520038396928,356.66187050359713,0.01666666666666667,1
571,3.042750646584512e-08,0.22916666666666666,0.47350000000000003,0.5999520038396928,356.66187050359713,0.01666666666666667,1
572,3.042750646584512e-08,0.3464052287581699,0.47350000000000003,0.5999520038396928,356.66187050359713,0.01666666666666667,1
573,3.042750646584512e-08,0.0,0.47350000000000003,0.5999520038396928,102.88768898488121,0.01666666666666667,0
574,3.042750646584512e-08,0.14130434782608695,0.47350000000000003,0.5999520038396928,102.88768898488121,0.01666666666666667,0
575,3.042750646584512e-08,0.22916666666666666,0.47350000000000003,0.5999520038396928,102.88768898488121,0.01666666666666667,1
576,3.042750646584512e-08,0.3464052287581699,0.47350000000000003,0.5999520038396928,102.88768898488121,0.01666666666666667,1
577,3.042750646584512e-08,0.0,0.47350000000000003,2.699784017278618,0.16252197940216023,0.01666666666666667,0
578,3.042750646584512e-08,0.14130434782608695,0.47350000000000003,2.699784017278618,0.16252197940216023,0.01666666666666667,0
579,3.042750646584512e-08,0.22916666666666666,0.47350000000000003,2.699784017278618,0.16252197940216023,0.01666666666666667,1
580,3.042750646584512e-08,0.3464052287581699,0.47350000000000003,2.699784017278618,0.16252197940216023,0.01666666666666667,1
581,3.042750646584512e-08,0.0,0.47350000000000003,2.699784017278618,0.1904044209997488,0.01666666666666667,0
582,3.042750646584512e-08,0.14130434782608695,0.47350000000000003,2.699784017278618,0.1904044209997488,0.01666666666666667,0
583,3.042750646584512e-08,0.22916666666666666,0.47350000000000003,2.699784017278618,0.1904044209997488,0.01666666666666667,1
584,3.042750646584512e-08,0.3464052287581699,0.47350000000000003,2.699784017278618,0.1904044209997488,0.01666666666666667,1
585,3.042750646584512e-08,0.22916666666666666,0.47350000000000003,21.608643457382954,9.803536345776031,0.01666666666666667,0
586,3.042750646584512e-08,0.3464052287581699,0.47350000000000003,21.608643457382954,9.803536345776031,0.01666666666666667,0
587,3.042750646584512e-08,0.14130434782608695,0.47350000000000003,9.603841536614645,0.0864104496357699,0.01666666666666667,0
588,3.042750646584512e-08,0.22916666666666666,0.47350000000000003,9.603841536614645,0.0864104496357699,0.01666666666666667,0
589,3.042750646584512e-08,0.3464052287581699,0.47350000000000003,9.603841536614645,0.0864104496357699,0.01666666666666667,0
590,3.042750646584512e-08,0.3464052287581699,0.47350000000000003,7.04,96.41468682505399,0.01666666666666667,0
591,3.042750646584512e-08,0.14130434782608695,0.47350000000000003,21.608643457382954,14.231827111984282,0.01666666666666667,0
592,3.042750646584512e-08,0.22916666666666666,0.47350000000000003,21.608643457382954,14.231827111984282,0.01666666666666667,0
593,3.042750646584512e-08,0.3464052287581699,0.47350000000000003,21.608643457382954,14.231827111984282,0.01666666666666667,0
594,3.042750646584512e-08,0.14130434782608695,0.47350000000000003,12.147570485902818,367.021582733813,0.01666666666666667,0
595,3.042750646584512e-08,0.22916666666666666,0.47350000000000003,12.147570485902818,367.021582733813,0.01666666666666667,0
596,3.042750646584512e-08,0.3464052287581699,0.47350000000000003,12.147570485902818,367.021582733813,0.01666666666666667,0
597,3.042750646584512e-08,0.14130434782608695,0.47350000000000003,12.147570485902818,356.66187050359713,0.01666666666666667,0
598,3.042750646584512e-08,0.22916666666666666,0.47350000000000003,12.147570485902818,356.66187050359713,0.01666666666666667,0
599,3.042750646584512e-08,0.3464052287581699,0.47350000000000003,12.147570485902818,356.66187050359713,0.01666666666666667,0
600,3.042750646584512e-08,0.22916666666666666,0.47350000000000003,9.603841536614645,102.88768898488121,0.01666666666666667,0
601,3.042750646584512e-08,0.3464052287581699,0.47350000000000003,9.603841536614645,102.88768898488121,0.01666666666666667,0
602,3.042750646584512e-08,0.22916666666666666,0.47350000000000003,7.04,0.16252197940216023,0.01666666666666667,0
603,3.042750646584512e-08,0.3464052287581699,0.47350000000000003,7.04,0.16252197940216023,0.01666666666666667,0
604,3.042750646584512e-08,0.22916666666666666,0.47350000000000003,12.147570485902818,0.1904044209997488,0.01666666666666667,0
605,3.042750646584512e-08,0.3464052287581699,0.47350000000000003,12.147570485902818,0.1904044209997488,0.01666666666666667,0
606,1.189961055819991e-07,0.10434782608695652,0.609,0.5999520038396928,0.019718663652348655,0.07501875468867217,0
607,1.189961055819991e-07,0.20869565217391303,0.609,0.5999520038396928,0.019718663652348655,0.07501875468867217,1
608,1.189961055819991e-07,0.2597222222222222,0.609,0.5999520038396928,0.019718663652348655,0.07501875468867217,1
609,1.189961055819991e-07,0.10434782608695652,0.609,0.5999520038396928,0.022230595327807082,0.07501875468867217,0
610,1.189961055819991e-07,0.20869565217391303,0.609,0.5999520038396928,0.022230595327807082,0.07501875468867217,1
611,1.189961055819991e-07,0.2597222222222222,0.609,0.5999520038396928,0.022230595327807082,0.07501875468867217,1
612,1.189961055819991e-07,0.09782608695652174,0.609,0.5999520038396928,0.025747299673448878,0.07501875468867217,0
613,1.189961055819991e-07,0.10869565217391304,0.609,0.5999520038396928,0.025747299673448878,0.07501875468867217,0
614,1.189961055819991e-07,0.17391304347826086,0.609,0.5999520038396928,0.025747299673448878,0.07501875468867217,0
615,1.189961055819991e-07,0.4289772727272727,0.609,0.5999520038396928,0.025747299673448878,0.07501875468867217,1
616,1.189961055819991e-07,0.4346590909090909,0.609,0.5999520038396928,0.025747299673448878,0.07501875468867217,1
617,1.189961055819991e-07,0.10434782608695652,0.609,0.5999520038396928,0.02285857824667169,0.07501875468867217,0
618,1.189961055819991e-07,0.20869565217391303,0.609,0.5999520038396928,0.02285857824667169,0.07501875468867217,0
619,1.189961055819991e-07,0.2597222222222222,0.609,0.5999520038396928,0.02285857824667169,0.07501875468867217,1
620,1.189961055819991e-07,0.09782608695652174,0.609,0.5999520038396928,0.014820396885204722,0.07501875468867217,0
621,1.189961055819991e-07,0.10869565217391304,0.609,0.5999520038396928,0.014820396885204722,0.07501875468867217,1
622,1.189961055819991e-07,0.17391304347826086,0.609,0.5999520038396928,0.014820396885204722,0.07501875468867217,1
623,1.189961055819991e-07,0.4289772727272727,0.609,0.5999520038396928,0.014820396885204722,0.07501875468867217,1
624,1.189961055819991e-07,0.4346590909090909,0.609,0.5999520038396928,0.014820396885204722,0.07501875468867217,1
625,1.189961055819991e-07,0.10434782608695652,0.609,0.5999520038396928,0.014820396885204722,0.07501875468867217,0
626,1.189961055819991e-07,0.20869565217391303,0.609,0.5999520038396928,0.014820396885204722,0.07501875468867217,1
627,1.189961055819991e-07,0.2597222222222222,0.609,0.5999520038396928,0.014820396885204722,0.07501875468867217,1
628,1.189961055819991e-07,0.03260869565217391,0.609,0.5999520038396928,0.019467470484802813,0.07501875468867217,0
629,1.189961055819991e-07,0.3333333333333333,0.609,0.5999520038396928,0.019467470484802813,0.07501875468867217,1
630,1.189961055819991e-07,0.03260869565217391,0.609,7.04,0.016453152474252702,0.07501875468867217,0
631,1.189961055819991e-07,0.3333333333333333,0.609,7.04,0.016453152474252702,0.07501875468867217,1
632,1.189961055819991e-07,0.03260869565217391,0.609,12.147570485902818,0.02047224315498618,0.07501875468867217,0
633,1.189961055819991e-07,0.3333333333333333,0.609,12.147570485902818,0.02047224315498618,0.07501875468867217,1
634,1.189961055819991e-07,0.03260869565217391,0.609,12.147570485902818,0.11441848781713136,0.07501875468867217,0
635,1.189961055819991e-07,0.3333333333333333,0.609,12.147570485902818,0.11441848781713136,0.07501875468867217,1
636,1.189961055819991e-07,0.20869565217391303,0.609,0.5999520038396928,0.019718663652348655,0.07501875468867217,0
637,1.189961055819991e-07,0.2597222222222222,0.609,0.5999520038396928,0.019718663652348655,0.07501875468867217,0
638,1.189961055819991e-07,0.20869565217391303,0.609,0.5999520038396928,0.022230595327807082,0.07501875468867217,0
639,1.189961055819991e-07,0.2597222222222222,0.609,0.5999520038396928,0.022230595327807082,0.07501875468867217,0
640,1.189961055819991e-07,0.4289772727272727,0.609,0.5999520038396928,0.025747299673448878,0.07501875468867217,0
641,1.189961055819991e-07,0.4346590909090909,0.609,0.5999520038396928,0.025747299673448878,0.07501875468867217,0
642,1.189961055819991e-07,0.2597222222222222,0.609,0.5999520038396928,0.02285857824667169,0.07501875468867217,0
643,1.189961055819991e-07,0.10869565217391304,0.609,0.5999520038396928,0.014820396885204722,0.07501875468867217,0
644,1.189961055819991e-07,0.17391304347826086,0.609,0.5999520038396928,0.014820396885204722,0.07501875468867217,0
645,1.189961055819991e-07,0.4289772727272727,0.609,0.5999520038396928,0.014820396885204722,0.07501875468867217,0
646,1.189961055819991e-07,0.4346590909090909,0.609,0.5999520038396928,0.014820396885204722,0.07501875468867217,0
647,1.189961055819991e-07,0.20869565217391303,0.609,0.5999520038396928,0.014820396885204722,0.07501875468867217,0
648,1.189961055819991e-07,0.2597222222222222,0.609,0.5999520038396928,0.014820396885204722,0.07501875468867217,0
649,1.189961055819991e-07,0.3333333333333333,0.609,0.5999520038396928,0.019467470484802813,0.07501875468867217,0
650,1.189961055819991e-07,0.3333333333333333,0.609,12.147570485902818,0.016453152474252702,0.07501875468867217,0
651,1.189961055819991e-07,0.3333333333333333,0.609,12.147570485902818,0.02047224315498618,0.07501875468867217,0
652,1.189961055819991e-07,0.3333333333333333,0.609,7.04,0.11441848781713136,0.07501875468867217,0
653,0.1,0.010869565217391304,0.46074240719910003,2.699784017278618,0.03692539562923888,0.07501875468867217,0
654,0.1,0.10869565217391304,0.46074240719910003,2.699784017278618,0.03692539562923888,0.07501875468867217,0
655,0.1,0.13043478260869565,0.46074240719910003,2.699784017278618,0.03692539562923888,0.07501875468867217,1
656,0.1,0.2708333333333333,0.46074240719910003,2.699784017278618,0.03692539562923888,0.07501875468867217,1
657,0.1,0.5382165605095541,0.46074240719910003,2.699784017278618,0.03692539562923888,0.07501875468867217,1
658,0.1,0.010869565217391304,0.46074240719910003,2.699784017278618,0.025244913338357194,0.07501875468867217,0
659,0.1,0.10869565217391304,0.46074240719910003,2.699784017278618,0.025244913338357194,0.07501875468867217,1
660,0.1,0.13043478260869565,0.46074240719910003,2.699784017278618,0.025244913338357194,0.07501875468867217,1
661,0.1,0.2708333333333333,0.46074240719910003,2.699784017278618,0.025244913338357194,0.07501875468867217,1
662,0.1,0.5382165605095541,0.46074240719910003,2.699784017278618,0.025244913338357194,0.07501875468867217,1
663,0.1,0.010869565217391304,0.46074240719910003,2.699784017278618,0.04245164531524742,0.07501875468867217,0
664,0.1,0.10869565217391304,0.46074240719910003,2.699784017278618,0.04245164531524742,0.07501875468867217,0
665,0.1,0.13043478260869565,0.46074240719910003,2.699784017278618,0.04245164531524742,0.07501875468867217,1
666,0.1,0.2708333333333333,0.46074240719910003,2.699784017278618,0.04245164531524742,0.07501875468867217,1
667,0.1,0.5382165605095541,0.46074240719910003,2.699784017278618,0.04245164531524742,0.07501875468867217,1
668,0.1,0.010869565217391304,0.46074240719910003,2.699784017278618,0.05413212760612911,0.07501875468867217,0
669,0.1,0.10869565217391304,0.46074240719910003,2.699784017278618,0.05413212760612911,0.07501875468867217,0
670,0.1,0.13043478260869565,0.46074240719910003,2.699784017278618,0.05413212760612911,0.07501875468867217,1
671,0.1,0.2708333333333333,0.46074240719910003,2.699784017278618,0.05413212760612911,0.07501875468867217,1
672,0.1,0.5382165605095541,0.46074240719910003,2.699784017278618,0.05413212760612911,0.07501875468867217,1
673,0.1,0.08260869565217391,0.46074240719910003,0.5999520038396928,0.03617181612660135,0.07501875468867217,0
674,0.1,0.23043478260869565,0.46074240719910003,0.5999520038396928,0.03617181612660135,0.07501875468867217,0
675,0.1,0.11521739130434783,0.46074240719910003,0.5999520038396928,0.03617181612660135,0.07501875468867217,1
676,0.1,0.14130434782608695,0.46074240719910003,0.5999520038396928,0.03617181612660135,0.07501875468867217,1
677,0.1,0.238562091503268,0.46074240719910003,0.5999520038396928,0.03617181612660135,0.07501875468867217,1
678,0.1,0.010869565217391304,0.46074240719910003,7.04,0.0728460185882944,0.07501875468867217,0
679,0.1,0.10869565217391304,0.46074240719910003,7.04,0.0728460185882944,0.07501875468867217,0
680,0.1,0.13043478260869565,0.46074240719910003,7.04,0.0728460185882944,0.07501875468867217,1
681,0.1,0.2708333333333333,0.46074240719910003,7.04,0.0728460185882944,0.07501875468867217,1
682,0.1,0.5382165605095541,0.46074240719910003,7.04,0.0728460185882944,0.07501875468867217,1
683,0.1,0.0,0.46074240719910003,0.5999520038396928,0.034162270786234614,0.07501875468867217,0
684,0.1,0.14130434782608695,0.46074240719910003,0.5999520038396928,0.034162270786234614,0.07501875468867217,1
685,0.1,0.22916666666666666,0.46074240719910003,0.5999520038396928,0.034162270786234614,0.07501875468867217,1
686,0.1,0.3464052287581699,0.46074240719910003,0.5999520038396928,0.034162270786234614,0.07501875468867217,1
687,0.1,0.0,0.46074240719910003,0.5999520038396928,0.04320522481788495,0.07501875468867217,0
688,0.1,0.14130434782608695,0.46074240719910003,0.5999520038396928,0.04320522481788495,0.07501875468867217,0
689,0.1,0.22916666666666666,0.46074240719910003,0.5999520038396928,0.04320522481788495,0.07501875468867217,1
690,0.1,0.3464052287581699,0.46074240719910003,0.5999520038396928,0.04320522481788495,0.07501875468867217,1
691,0.1,0.0,0.46074240719910003,0.5999520038396928,0.043582014569203714,0.07501875468867217,0
692,0.1,0.14130434782608695,0.46074240719910003,0.5999520038396928,0.043582014569203714,0.07501875468867217,0
693,0.1,0.22916666666666666,0.46074240719910003,0.5999520038396928,0.043582014569203714,0.07501875468867217,1
694,0.1,0.3464052287581699,0.46074240719910003,0.5999520038396928,0.043582014569203714,0.07501875468867217,1
695,0.1,0.07608695652173914,0.46074240719910003,2.699784017278618,0.03918613413715147,0.07501875468867217,0
696,0.1,0.18478260869565216,0.46074240719910003,2.699784017278618,0.03918613413715147,0.07501875468867217,1
697,0.1,0.2549019607843137,0.46074240719910003,2.699784017278618,0.03918613413715147,0.07501875468867217,1
698,0.1,0.4431818181818182,0.46074240719910003,2.699784017278618,0.03918613413715147,0.07501875468867217,1
699,0.1,0.13043478260869565,0.46074240719910003,7.04,0.03692539562923888,0.07501875468867217,0
700,0.1,0.2708333333333333,0.46074240719910003,7.04,0.03692539562923888,0.07501875468867217,0
701,0.1,0.5382165605095541,0.46074240719910003,7.04,0.03692539562923888,0.07501875468867217,0
702,0.1,0.10869565217391304,0.46074240719910003,12.147570485902818,0.025244913338357194,0.07501875468867217,0
703,0.1,0.13043478260869565,0.46074240719910003,12.147570485902818,0.025244913338357194,0.07501875468867217,0
704,0.1,0.2708333333333333,0.46074240719910003,12.147570485902818,0.025244913338357194,0.07501875468867217,0
705,0.1,0.5382165605095541,0.46074240719910003,12.147570485902818,0.025244913338357194,0.07501875468867217,0
706,0.1,0.13043478260869565,0.46074240719910003,7.04,0.04245164531524742,0.07501875468867217,0
707,0.1,0.2708333333333333,0.46074240719910003,7.04,0.04245164531524742,0.07501875468867217,0
708,0.1,0.5382165605095541,0.46074240719910003,7.04,0.04245164531524742,0.07501875468867217,0
709,0.1,0.13043478260869565,0.46074240719910003,7.04,0.05413212760612911,0.07501875468867217,0
710,0.1,0.2708333333333333,0.46074240719910003,7.04,0.05413212760612911,0.07501875468867217,0
711,0.1,0.5382165605095541,0.46074240719910003,7.04,0.05413212760612911,0.07501875468867217,0
712,0.1,0.11521739130434783,0.46074240719910003,7.04,0.03617181612660135,0.07501875468867217,0
713,0.1,0.14130434782608695,0.46074240719910003,7.04,0.03617181612660135,0.07501875468867217,0
714,0.1,0.238562091503268,0.46074240719910003,7.04,0.03617181612660135,0.07501875468867217,0
715,0.1,0.13043478260869565,0.46074240719910003,7.04,0.0728460185882944,0.07501875468867217,0
716,0.1,0.2708333333333333,0.46074240719910003,7.04,0.0728460185882944,0.07501875468867217,0
717,0.1,0.5382165605095541,0.46074240719910003,7.04,0.0728460185882944,0.07501875468867217,0
718,0.1,0.14130434782608695,0.46074240719910003,7.04,0.034162270786234614,0.07501875468867217,0
719,0.1,0.22916666666666666,0.46074240719910003,7.04,0.034162270786234614,0.07501875468867217,0
720,0.1,0.3464052287581699,0.46074240719910003,7.04,0.034162270786234614,0.07501875468867217,0
721,0.1,0.22916666666666666,0.46074240719910003,7.04,0.04320522481788495,0.07501875468867217,0
722,0.1,0.3464052287581699,0.46074240719910003,7.04,0.04320522481788495,0.07501875468867217,0
723,0.1,0.22916666666666666,0.46074240719910003,7.04,0.043582014569203714,0.07501875468867217,0
724,0.1,0.3464052287581699,0.46074240719910003,7.04,0.043582014569203714,0.07501875468867217,0
725,0.1,0.18478260869565216,0.46074240719910003,2.699784017278618,0.03918613413715147,0.07501875468867217,0
726,0.1,0.2549019607843137,0.46074240719910003,2.699784017278618,0.03918613413715147,0.07501875468867217,0
727,0.1,0.4431818181818182,0.46074240719910003,2.699784017278618,0.03918613413715147,0.07501875468867217,0
728,3.862068965517242e-07,0.0,0.30175517551755177,0.5999520038396928,0.017081135393117307,0.01666666666666667,0
729,3.862068965517242e-07,0.14130434782608695,0.30175517551755177,0.5999520038396928,0.017081135393117307,0.01666666666666667,0
730,3.862068965517242e-07,0.22916666666666666,0.30175517551755177,0.5999520038396928,0.017081135393117307,0.01666666666666667,1
731,3.862068965517242e-07,0.3464052287581699,0.30175517551755177,0.5999520038396928,0.017081135393117307,0.01666666666666667,1
732,3.862068965517242e-07,0.0,0.30175517551755177,0.5999520038396928,0.030645566440592815,0.01666666666666667,0
733,3.862068965517242e-07,0.14130434782608695,0.30175517551755177,0.5999520038396928,0.030645566440592815,0.01666666666666667,0
734,3.862068965517242e-07,0.22916666666666666,0.30175517551755177,0.5999520038396928,0.030645566440592815,0.01666666666666667,1
735,3.862068965517242e-07,0.3464052287581699,0.30175517551755177,0.5999520038396928,0.030645566440592815,0.01666666666666667,1
736,3.862068965517242e-07,0.0,0.30175517551755177,0.5999520038396928,0.0346646571213263,0.01666666666666667,0
737,3.862068965517242e-07,0.14130434782608695,0.30175517551755177,0.5999520038396928,0.0346646571213263,0.01666666666666667,0
738,3.862068965517242e-07,0.22916666666666666,0.30175517551755177,0.5999520038396928,0.0346646571213263,0.01666666666666667,1
739,3.862068965517242e-07,0.3464052287581699,0.30175517551755177,0.5999520038396928,0.0346646571213263,0.01666666666666667,1
740,3.862068965517242e-07,0.0,0.30175517551755177,0.5999520038396928,0.02185380557648832,0.01666666666666667,0
741,3.862068965517242e-07,0.14130434782608695,0.30175517551755177,0.5999520038396928,0.02185380557648832,0.01666666666666667,0
742,3.862068965517242e-07,0.22916666666666666,0.30175517551755177,0.5999520038396928,0.02185380557648832,0.01666666666666667,0
743,3.862068965517242e-07,0.3464052287581699,0.30175517551755177,0.5999520038396928,0.02185380557648832,0.01666666666666667,1
744,3.862068965517242e-07,0.0,0.30175517551755177,0.5999520038396928,0.030645566440592815,0.01666666666666667,0
745,3.862068965517242e-07,0.14130434782608695,0.30175517551755177,0.5999520038396928,0.030645566440592815,0.01666666666666667,0
746,3.862068965517242e-07,0.22916666666666666,0.30175517551755177,0.5999520038396928,0.030645566440592815,0.01666666666666667,1
747,3.862068965517242e-07,0.3464052287581699,0.30175517551755177,0.5999520038396928,0.030645566440592815,0.01666666666666667,1
748,3.862068965517242e-07,0.0,0.30175517551755177,0.5999520038396928,0.07297161517206731,0.01666666666666667,0
749,3.862068965517242e-07,0.14130434782608695,0.30175517551755177,0.5999520038396928,0.07297161517206731,0.01666666666666667,0
750,3.862068965517242e-07,0.22916666666666666,0.30175517551755177,0.5999520038396928,0.07297161517206731,0.01666666666666667,1
751,3.862068965517242e-07,0.3464052287581699,0.30175517551755177,0.5999520038396928,0.07297161517206731,0.01666666666666667,1
752,3.862068965517242e-07,0.22916666666666666,0.30175517551755177,12.147570485902818,0.017081135393117307,0.01666666666666667,0
753,3.862068965517242e-07,0.3464052287581699,0.30175517551755177,12.147570485902818,0.017081135393117307,0.01666666666666667,0
754,3.862068965517242e-07,0.22916666666666666,0.30175517551755177,12.147570485902818,0.030645566440592815,0.01666666666666667,0
755,3.862068965517242e-07,0.3464052287581699,0.30175517551755177,12.147570485902818,0.030645566440592815,0.01666666666666667,0
756,3.862068965517242e-07,0.22916666666666666,0.30175517551755177,7.04,0.0346646571213263,0.01666666666666667,0
757,3.862068965517242e-07,0.3464052287581699,0.30175517551755177,7.04,0.0346646571213263,0.01666666666666667,0
758,3.862068965517242e-07,0.3464052287581699,0.30175517551755177,7.04,0.02185380557648832,0.01666666666666667,0
759,3.862068965517242e-07,0.22916666666666666,0.30175517551755177,7.04,0.030645566440592815,0.01666666666666667,0
760,3.862068965517242e-07,0.3464052287581699,0.30175517551755177,7.04,0.030645566440592815,0.01666666666666667,0
761,3.862068965517242e-07,0.22916666666666666,0.30175517551755177,2.699784017278618,0.07297161517206731,0.01666666666666667,0
762,3.862068965517242e-07,0.3464052287581699,0.30175517551755177,2.699784017278618,0.07297161517206731,0.01666666666666667,0
763,1.364380571220666e-08,0.09782608695652174,1.1561561561561562,2.699784017278618,0.08628485305199698,0.01666666666666667,0
764,1.364380571220666e-08,0.5732484076433121,1.1561561561561562,2.699784017278618,0.08628485305199698,0.01666666666666667,1
765,1.364380571220666e-08,0.09782608695652174,1.1561561561561562,2.699784017278618,103.80129589632828,0.01666666666666667,0
766,1.364380571220666e-08,0.5732484076433121,1.1561561561561562,2.699784017278618,103.80129589632828,0.01666666666666667,1
767,1.364380571220666e-08,0.09782608695652174,1.1561561561561562,2.699784017278618,0.025496106505903036,0.01666666666666667,0
768,1.364380571220666e-08,0.5732484076433121,1.1561561561561562,2.699784017278618,0.025496106505903036,0.01666666666666667,1
769,1.364380571220666e-08,0.09782608695652174,1.1561561561561562,0.5999520038396928,0.059281587540818886,0.01666666666666667,0
770,1.364380571220666e-08,0.5732484076433121,1.1561561561561562,0.5999520038396928,0.059281587540818886,0.01666666666666667,1
771,1.364380571220666e-08,0.09782608695652174,1.1561561561561562,2.699784017278618,0.053252951519718664,0.01666666666666667,0
772,1.364380571220666e-08,0.5732484076433121,1.1561561561561562,2.699784017278618,0.053252951519718664,0.01666666666666667,1
773,1.364380571220666e-08,0.09782608695652174,1.1561561561561562,2.699784017278618,13.972495088408646,0.01666666666666667,0
774,1.364380571220666e-08,0.5732484076433121,1.1561561561561562,2.699784017278618,13.972495088408646,0.01666666666666667,1
775,1.364380571220666e-08,0.09782608695652174,1.1561561561561562,2.699784017278618,115.95032397408207,0.01666666666666667,0
776,1.364380571220666e-08,0.5732484076433121,1.1561561561561562,2.699784017278618,115.95032397408207,0.01666666666666667,1
777,1.364380571220666e-08,0.09782608695652174,1.1561561561561562,2.699784017278618,13.159135559921415,0.01666666666666667,0
778,1.364380571220666e-08,0.5732484076433121,1.1561561561561562,2.699784017278618,13.159135559921415,0.01666666666666667,1
779,1.364380571220666e-08,0.09782608695652174,1.1561561561561562,2.699784017278618,0.06681738256719418,0.01666666666666667,0
780,1.364380571220666e-08,0.5732484076433121,1.1561561561561562,2.699784017278618,0.06681738256719418,0.01666666666666667,1
781,1.364380571220666e-08,0.09782608695652174,1.1561561561561562,2.699784017278618,0.061793519216277314,0.01666666666666667,0
782,1.364380571220666e-08,0.5732484076433121,1.1561561561561562,2.699784017278618,0.061793519216277314,0.01666666666666667,1
783,1.364380571220666e-08,0.09782608695652174,1.1561561561561562,2.699784017278618,448.1151079136691,0.01666666666666667,0
784,1.364380571220666e-08,0.5732484076433121,1.1561561561561562,2.699784017278618,448.1151079136691,0.01666666666666667,1
785,1.364380571220666e-08,0.5732484076433121,1.1561561561561562,12.147570485902818,0.08628485305199698,0.01666666666666667,0
786,1.364380571220666e-08,0.5732484076433121,1.1561561561561562,12.147570485902818,103.80129589632828,0.01666666666666667,0
787,1.364380571220666e-08,0.5732484076433121,1.1561561561561562,12.147570485902818,0.025496106505903036,0.01666666666666667,0
788,1.364380571220666e-08,0.5732484076433121,1.1561561561561562,9.603841536614645,0.059281587540818886,0.01666666666666667,0
789,1.364380571220666e-08,0.5732484076433121,1.1561561561561562,21.608643457382954,0.053252951519718664,0.01666666666666667,0
790,1.364380571220666e-08,0.5732484076433121,1.1561561561561562,12.147570485902818,13.972495088408646,0.01666666666666667,0
791,1.364380571220666e-08,0.5732484076433121,1.1561561561561562,7.04,115.95032397408207,0.01666666666666667,0
792,1.364380571220666e-08,0.5732484076433121,1.1561561561561562,21.608643457382954,13.159135559921415,0.01666666666666667,0
793,1.364380571220666e-08,0.5732484076433121,1.1561561561561562,12.147570485902818,0.06681738256719418,0.01666666666666667,0
794,1.364380571220666e-08,0.5732484076433121,1.1561561561561562,21.608643457382954,0.061793519216277314,0.01666666666666667,0
795,1.364380571220666e-08,0.5732484076433121,1.1561561561561562,21.608643457382954,448.1151079136691,0.01666666666666667,0
